filename,predicted_label
Image_1.jpg,GOLD BANDED
Image_2.jpg,CRIMSON PATCH
Image_3.jpg,ADONIS
Image_4.jpg,IPHICLUS SISTER
Image_5.jpg,MILBERTS TORTOISESHELL
Image_6.jpg,SOUTHERN DOGFACE
Image_7.jpg,PAPER KITE
Image_8.jpg,INDRA SWALLOW
Image_9.jpg,RED CRACKER
Image_10.jpg,ZEBRA LONG WING
Image_11.jpg,AFRICAN GIANT SWALLOWTAIL
Image_12.jpg,PAPER KITE
Image_13.jpg,PURPLISH COPPER
Image_14.jpg,MOURNING CLOAK
Image_15.jpg,PURPLE HAIRSTREAK
Image_16.jpg,EASTERN DAPPLE WHITE
Image_17.jpg,RED POSTMAN
Image_18.jpg,BLUE SPOTTED CROW
Image_19.jpg,EASTERN PINE ELFIN
Image_20.jpg,WOOD SATYR
Image_21.jpg,CHECQUERED SKIPPER
Image_22.jpg,MESTRA
Image_23.jpg,TWO BARRED FLASHER
Image_24.jpg,DANAID EGGFLY
Image_25.jpg,GREAT EGGFLY
Image_26.jpg,ZEBRA LONG WING
Image_27.jpg,COMMON BANDED AWL
Image_28.jpg,MONARCH
Image_29.jpg,ATALA
Image_30.jpg,PAINTED LADY
Image_31.jpg,SCARCE SWALLOW
Image_32.jpg,JULIA
Image_33.jpg,RED ADMIRAL
Image_34.jpg,GOLD BANDED
Image_35.jpg,BLACK HAIRSTREAK
Image_36.jpg,IPHICLUS SISTER
Image_37.jpg,EASTERN COMA
Image_38.jpg,METALMARK
Image_39.jpg,EASTERN PINE ELFIN
Image_40.jpg,CAIRNS BIRDWING
Image_41.jpg,MALACHITE
Image_42.jpg,GREEN CELLED CATTLEHEART
Image_43.jpg,SILVER SPOT SKIPPER
Image_44.jpg,CABBAGE WHITE
Image_45.jpg,RED POSTMAN
Image_46.jpg,COPPER TAIL
Image_47.jpg,BROWN SIPROETA
Image_48.jpg,CHECQUERED SKIPPER
Image_49.jpg,AN 88
Image_50.jpg,CHECQUERED SKIPPER
Image_51.jpg,BECKERS WHITE
Image_52.jpg,PURPLISH COPPER
Image_53.jpg,DANAID EGGFLY
Image_54.jpg,MOURNING CLOAK
Image_55.jpg,INDRA SWALLOW
Image_56.jpg,AN 88
Image_57.jpg,STRAITED QUEEN
Image_58.jpg,SOUTHERN DOGFACE
Image_59.jpg,COMMON BANDED AWL
Image_60.jpg,ORCHARD SWALLOW
Image_61.jpg,BECKERS WHITE
Image_62.jpg,STRAITED QUEEN
Image_63.jpg,MANGROVE SKIPPER
Image_64.jpg,ELBOWED PIERROT
Image_65.jpg,PURPLE HAIRSTREAK
Image_66.jpg,CLODIUS PARNASSIAN
Image_67.jpg,ELBOWED PIERROT
Image_68.jpg,PEACOCK
Image_69.jpg,CRECENT
Image_70.jpg,PURPLISH COPPER
Image_71.jpg,RED CRACKER
Image_72.jpg,MONARCH
Image_73.jpg,ORCHARD SWALLOW
Image_74.jpg,BLACK HAIRSTREAK
Image_75.jpg,PIPEVINE SWALLOW
Image_76.jpg,PIPEVINE SWALLOW
Image_77.jpg,MOURNING CLOAK
Image_78.jpg,BLUE SPOTTED CROW
Image_79.jpg,CLODIUS PARNASSIAN
Image_80.jpg,ATALA
Image_81.jpg,RED POSTMAN
Image_82.jpg,STRAITED QUEEN
Image_83.jpg,BLUE SPOTTED CROW
Image_84.jpg,RED CRACKER
Image_85.jpg,COMMON BANDED AWL
Image_86.jpg,SLEEPY ORANGE
Image_87.jpg,EASTERN COMA
Image_88.jpg,STRAITED QUEEN
Image_89.jpg,AFRICAN GIANT SWALLOWTAIL
Image_90.jpg,EASTERN PINE ELFIN
Image_91.jpg,BROWN SIPROETA
Image_92.jpg,MALACHITE
Image_93.jpg,ADONIS
Image_94.jpg,CRECENT
Image_95.jpg,VICEROY
Image_96.jpg,BANDED ORANGE HELICONIAN
Image_97.jpg,GREEN CELLED CATTLEHEART
Image_98.jpg,EASTERN DAPPLE WHITE
Image_99.jpg,EASTERN DAPPLE WHITE
Image_100.jpg,GOLD BANDED
Image_101.jpg,MONARCH
Image_102.jpg,ORANGE OAKLEAF
Image_103.jpg,MOURNING CLOAK
Image_104.jpg,MANGROVE SKIPPER
Image_105.jpg,ELBOWED PIERROT
Image_106.jpg,CLEOPATRA
Image_107.jpg,WOOD SATYR
Image_108.jpg,PAINTED LADY
Image_109.jpg,RED POSTMAN
Image_110.jpg,CRIMSON PATCH
Image_111.jpg,EASTERN COMA
Image_112.jpg,PURPLE HAIRSTREAK
Image_113.jpg,CRECENT
Image_114.jpg,EASTERN COMA
Image_115.jpg,COPPER TAIL
Image_116.jpg,STRAITED QUEEN
Image_117.jpg,POPINJAY
Image_118.jpg,BLACK HAIRSTREAK
Image_119.jpg,CABBAGE WHITE
Image_120.jpg,GREY HAIRSTREAK
Image_121.jpg,MANGROVE SKIPPER
Image_122.jpg,RED POSTMAN
Image_123.jpg,PIPEVINE SWALLOW
Image_124.jpg,CRECENT
Image_125.jpg,ATALA
Image_126.jpg,BANDED ORANGE HELICONIAN
Image_127.jpg,INDRA SWALLOW
Image_128.jpg,JULIA
Image_129.jpg,SLEEPY ORANGE
Image_130.jpg,MANGROVE SKIPPER
Image_131.jpg,RED CRACKER
Image_132.jpg,BLACK HAIRSTREAK
Image_133.jpg,PAINTED LADY
Image_134.jpg,CABBAGE WHITE
Image_135.jpg,PIPEVINE SWALLOW
Image_136.jpg,BLUE MORPHO
Image_137.jpg,INDRA SWALLOW
Image_138.jpg,QUESTION MARK
Image_139.jpg,CLOUDED SULPHUR
Image_140.jpg,ULYSES
Image_141.jpg,APPOLLO
Image_142.jpg,SCARCE SWALLOW
Image_143.jpg,MILBERTS TORTOISESHELL
Image_144.jpg,INDRA SWALLOW
Image_145.jpg,MONARCH
Image_146.jpg,GREAT EGGFLY
Image_147.jpg,CHECQUERED SKIPPER
Image_148.jpg,MONARCH
Image_149.jpg,MESTRA
Image_150.jpg,CABBAGE WHITE
Image_151.jpg,BROWN SIPROETA
Image_152.jpg,MOURNING CLOAK
Image_153.jpg,SILVER SPOT SKIPPER
Image_154.jpg,GREAT EGGFLY
Image_155.jpg,RED POSTMAN
Image_156.jpg,POPINJAY
Image_157.jpg,GREEN CELLED CATTLEHEART
Image_158.jpg,SCARCE SWALLOW
Image_159.jpg,ZEBRA LONG WING
Image_160.jpg,BANDED ORANGE HELICONIAN
Image_161.jpg,RED CRACKER
Image_162.jpg,MOURNING CLOAK
Image_163.jpg,BANDED PEACOCK
Image_164.jpg,CRECENT
Image_165.jpg,ADONIS
Image_166.jpg,POPINJAY
Image_167.jpg,EASTERN DAPPLE WHITE
Image_168.jpg,ORANGE TIP
Image_169.jpg,APPOLLO
Image_170.jpg,EASTERN COMA
Image_171.jpg,EASTERN COMA
Image_172.jpg,MILBERTS TORTOISESHELL
Image_173.jpg,MESTRA
Image_174.jpg,SOOTYWING
Image_175.jpg,CLEOPATRA
Image_176.jpg,POPINJAY
Image_177.jpg,ORANGE OAKLEAF
Image_178.jpg,GREEN CELLED CATTLEHEART
Image_179.jpg,PINE WHITE
Image_180.jpg,CLEOPATRA
Image_181.jpg,BANDED ORANGE HELICONIAN
Image_182.jpg,RED CRACKER
Image_183.jpg,MOURNING CLOAK
Image_184.jpg,SOUTHERN DOGFACE
Image_185.jpg,PURPLISH COPPER
Image_186.jpg,JULIA
Image_187.jpg,JULIA
Image_188.jpg,DANAID EGGFLY
Image_189.jpg,MOURNING CLOAK
Image_190.jpg,TWO BARRED FLASHER
Image_191.jpg,RED ADMIRAL
Image_192.jpg,BECKERS WHITE
Image_193.jpg,CHESTNUT
Image_194.jpg,CHESTNUT
Image_195.jpg,MONARCH
Image_196.jpg,PEACOCK
Image_197.jpg,PEACOCK
Image_198.jpg,MANGROVE SKIPPER
Image_199.jpg,METALMARK
Image_200.jpg,POPINJAY
Image_201.jpg,CHECQUERED SKIPPER
Image_202.jpg,PURPLISH COPPER
Image_203.jpg,POPINJAY
Image_204.jpg,LARGE MARBLE
Image_205.jpg,PIPEVINE SWALLOW
Image_206.jpg,AN 88
Image_207.jpg,SOOTYWING
Image_208.jpg,RED POSTMAN
Image_209.jpg,CABBAGE WHITE
Image_210.jpg,CLODIUS PARNASSIAN
Image_211.jpg,BLUE SPOTTED CROW
Image_212.jpg,SOOTYWING
Image_213.jpg,TWO BARRED FLASHER
Image_214.jpg,ADONIS
Image_215.jpg,TROPICAL LEAFWING
Image_216.jpg,BLUE MORPHO
Image_217.jpg,CRIMSON PATCH
Image_218.jpg,TWO BARRED FLASHER
Image_219.jpg,LARGE MARBLE
Image_220.jpg,SLEEPY ORANGE
Image_221.jpg,CHECQUERED SKIPPER
Image_222.jpg,ATALA
Image_223.jpg,PURPLE HAIRSTREAK
Image_224.jpg,GREY HAIRSTREAK
Image_225.jpg,GREAT EGGFLY
Image_226.jpg,AFRICAN GIANT SWALLOWTAIL
Image_227.jpg,SOOTYWING
Image_228.jpg,SILVER SPOT SKIPPER
Image_229.jpg,ELBOWED PIERROT
Image_230.jpg,GREEN CELLED CATTLEHEART
Image_231.jpg,GREEN CELLED CATTLEHEART
Image_232.jpg,INDRA SWALLOW
Image_233.jpg,CLOUDED SULPHUR
Image_234.jpg,ORANGE OAKLEAF
Image_235.jpg,APPOLLO
Image_236.jpg,PAPER KITE
Image_237.jpg,COMMON BANDED AWL
Image_238.jpg,GREY HAIRSTREAK
Image_239.jpg,APPOLLO
Image_240.jpg,PIPEVINE SWALLOW
Image_241.jpg,ADONIS
Image_242.jpg,MALACHITE
Image_243.jpg,MOURNING CLOAK
Image_244.jpg,PAINTED LADY
Image_245.jpg,IPHICLUS SISTER
Image_246.jpg,SLEEPY ORANGE
Image_247.jpg,PURPLISH COPPER
Image_248.jpg,SLEEPY ORANGE
Image_249.jpg,GREAT JAY
Image_250.jpg,CAIRNS BIRDWING
Image_251.jpg,PAPER KITE
Image_252.jpg,CLOUDED SULPHUR
Image_253.jpg,MANGROVE SKIPPER
Image_254.jpg,PEACOCK
Image_255.jpg,MOURNING CLOAK
Image_256.jpg,MONARCH
Image_257.jpg,MESTRA
Image_258.jpg,MALACHITE
Image_259.jpg,RED SPOTTED PURPLE
Image_260.jpg,BLUE MORPHO
Image_261.jpg,BROWN SIPROETA
Image_262.jpg,RED CRACKER
Image_263.jpg,ADONIS
Image_264.jpg,STRAITED QUEEN
Image_265.jpg,CLEOPATRA
Image_266.jpg,BLUE MORPHO
Image_267.jpg,QUESTION MARK
Image_268.jpg,COMMON BANDED AWL
Image_269.jpg,PURPLE HAIRSTREAK
Image_270.jpg,MANGROVE SKIPPER
Image_271.jpg,BANDED ORANGE HELICONIAN
Image_272.jpg,PEACOCK
Image_273.jpg,POPINJAY
Image_274.jpg,CHESTNUT
Image_275.jpg,DANAID EGGFLY
Image_276.jpg,SOOTYWING
Image_277.jpg,GREY HAIRSTREAK
Image_278.jpg,BLACK HAIRSTREAK
Image_279.jpg,EASTERN COMA
Image_280.jpg,CHECQUERED SKIPPER
Image_281.jpg,EASTERN DAPPLE WHITE
Image_282.jpg,RED POSTMAN
Image_283.jpg,PURPLE HAIRSTREAK
Image_284.jpg,GREY HAIRSTREAK
Image_285.jpg,ADONIS
Image_286.jpg,MANGROVE SKIPPER
Image_287.jpg,JULIA
Image_288.jpg,SILVER SPOT SKIPPER
Image_289.jpg,SLEEPY ORANGE
Image_290.jpg,CAIRNS BIRDWING
Image_291.jpg,MONARCH
Image_292.jpg,CRECENT
Image_293.jpg,CABBAGE WHITE
Image_294.jpg,EASTERN DAPPLE WHITE
Image_295.jpg,PAINTED LADY
Image_296.jpg,SOOTYWING
Image_297.jpg,CAIRNS BIRDWING
Image_298.jpg,ADONIS
Image_299.jpg,COMMON BANDED AWL
Image_300.jpg,MOURNING CLOAK
Image_301.jpg,PINE WHITE
Image_302.jpg,BLUE SPOTTED CROW
Image_303.jpg,BLUE SPOTTED CROW
Image_304.jpg,ADONIS
Image_305.jpg,ORCHARD SWALLOW
Image_306.jpg,INDRA SWALLOW
Image_307.jpg,CHESTNUT
Image_308.jpg,ATALA
Image_309.jpg,SOOTYWING
Image_310.jpg,PAPER KITE
Image_311.jpg,PIPEVINE SWALLOW
Image_312.jpg,PIPEVINE SWALLOW
Image_313.jpg,EASTERN PINE ELFIN
Image_314.jpg,BANDED ORANGE HELICONIAN
Image_315.jpg,DANAID EGGFLY
Image_316.jpg,PIPEVINE SWALLOW
Image_317.jpg,EASTERN DAPPLE WHITE
Image_318.jpg,SILVER SPOT SKIPPER
Image_319.jpg,AMERICAN SNOOT
Image_320.jpg,ATALA
Image_321.jpg,BANDED ORANGE HELICONIAN
Image_322.jpg,COMMON BANDED AWL
Image_323.jpg,ORCHARD SWALLOW
Image_324.jpg,TROPICAL LEAFWING
Image_325.jpg,WOOD SATYR
Image_326.jpg,RED ADMIRAL
Image_327.jpg,MILBERTS TORTOISESHELL
Image_328.jpg,EASTERN DAPPLE WHITE
Image_329.jpg,PIPEVINE SWALLOW
Image_330.jpg,AFRICAN GIANT SWALLOWTAIL
Image_331.jpg,GREEN CELLED CATTLEHEART
Image_332.jpg,PIPEVINE SWALLOW
Image_333.jpg,ORANGE OAKLEAF
Image_334.jpg,CRECENT
Image_335.jpg,CLEOPATRA
Image_336.jpg,MOURNING CLOAK
Image_337.jpg,ORANGE TIP
Image_338.jpg,PEACOCK
Image_339.jpg,WOOD SATYR
Image_340.jpg,ATALA
Image_341.jpg,EASTERN DAPPLE WHITE
Image_342.jpg,MONARCH
Image_343.jpg,EASTERN DAPPLE WHITE
Image_344.jpg,APPOLLO
Image_345.jpg,ORANGE OAKLEAF
Image_346.jpg,BLACK HAIRSTREAK
Image_347.jpg,TROPICAL LEAFWING
Image_348.jpg,MANGROVE SKIPPER
Image_349.jpg,MANGROVE SKIPPER
Image_350.jpg,CLOUDED SULPHUR
Image_351.jpg,AN 88
Image_352.jpg,BROWN SIPROETA
Image_353.jpg,PEACOCK
Image_354.jpg,CHESTNUT
Image_355.jpg,PEACOCK
Image_356.jpg,ADONIS
Image_357.jpg,CAIRNS BIRDWING
Image_358.jpg,SOOTYWING
Image_359.jpg,GREY HAIRSTREAK
Image_360.jpg,EASTERN DAPPLE WHITE
Image_361.jpg,ADONIS
Image_362.jpg,COMMON BANDED AWL
Image_363.jpg,CLEOPATRA
Image_364.jpg,INDRA SWALLOW
Image_365.jpg,VICEROY
Image_366.jpg,GREAT EGGFLY
Image_367.jpg,PURPLE HAIRSTREAK
Image_368.jpg,MESTRA
Image_369.jpg,BROWN SIPROETA
Image_370.jpg,BANDED PEACOCK
Image_371.jpg,PURPLE HAIRSTREAK
Image_372.jpg,ADONIS
Image_373.jpg,BECKERS WHITE
Image_374.jpg,MANGROVE SKIPPER
Image_375.jpg,SOUTHERN DOGFACE
Image_376.jpg,MOURNING CLOAK
Image_377.jpg,CAIRNS BIRDWING
Image_378.jpg,POPINJAY
Image_379.jpg,COMMON WOOD-NYMPH
Image_380.jpg,ATALA
Image_381.jpg,RED ADMIRAL
Image_382.jpg,YELLOW SWALLOW TAIL
Image_383.jpg,TWO BARRED FLASHER
Image_384.jpg,AN 88
Image_385.jpg,MONARCH
Image_386.jpg,BECKERS WHITE
Image_387.jpg,ORANGE TIP
Image_388.jpg,EASTERN DAPPLE WHITE
Image_389.jpg,ATALA
Image_390.jpg,RED POSTMAN
Image_391.jpg,CHECQUERED SKIPPER
Image_392.jpg,RED CRACKER
Image_393.jpg,EASTERN PINE ELFIN
Image_394.jpg,PURPLISH COPPER
Image_395.jpg,RED SPOTTED PURPLE
Image_396.jpg,CLODIUS PARNASSIAN
Image_397.jpg,APPOLLO
Image_398.jpg,INDRA SWALLOW
Image_399.jpg,BROWN SIPROETA
Image_400.jpg,SOUTHERN DOGFACE
Image_401.jpg,MESTRA
Image_402.jpg,EASTERN COMA
Image_403.jpg,JULIA
Image_404.jpg,PAPER KITE
Image_405.jpg,STRAITED QUEEN
Image_406.jpg,MOURNING CLOAK
Image_407.jpg,RED ADMIRAL
Image_408.jpg,CRECENT
Image_409.jpg,GREEN CELLED CATTLEHEART
Image_410.jpg,GREY HAIRSTREAK
Image_411.jpg,CABBAGE WHITE
Image_412.jpg,ORANGE OAKLEAF
Image_413.jpg,BANDED ORANGE HELICONIAN
Image_414.jpg,RED POSTMAN
Image_415.jpg,PAPER KITE
Image_416.jpg,PIPEVINE SWALLOW
Image_417.jpg,ZEBRA LONG WING
Image_418.jpg,ADONIS
Image_419.jpg,DANAID EGGFLY
Image_420.jpg,COMMON BANDED AWL
Image_421.jpg,BROWN SIPROETA
Image_422.jpg,CLODIUS PARNASSIAN
Image_423.jpg,SOOTYWING
Image_424.jpg,TROPICAL LEAFWING
Image_425.jpg,BLACK HAIRSTREAK
Image_426.jpg,INDRA SWALLOW
Image_427.jpg,SOUTHERN DOGFACE
Image_428.jpg,BROWN SIPROETA
Image_429.jpg,CRIMSON PATCH
Image_430.jpg,CRIMSON PATCH
Image_431.jpg,SOOTYWING
Image_432.jpg,BROWN SIPROETA
Image_433.jpg,BANDED PEACOCK
Image_434.jpg,COPPER TAIL
Image_435.jpg,CAIRNS BIRDWING
Image_436.jpg,MOURNING CLOAK
Image_437.jpg,COMMON BANDED AWL
Image_438.jpg,MONARCH
Image_439.jpg,CRECENT
Image_440.jpg,ADONIS
Image_441.jpg,AFRICAN GIANT SWALLOWTAIL
Image_442.jpg,MONARCH
Image_443.jpg,AMERICAN SNOOT
Image_444.jpg,WOOD SATYR
Image_445.jpg,CAIRNS BIRDWING
Image_446.jpg,SILVER SPOT SKIPPER
Image_447.jpg,GREAT EGGFLY
Image_448.jpg,YELLOW SWALLOW TAIL
Image_449.jpg,CAIRNS BIRDWING
Image_450.jpg,ATALA
Image_451.jpg,CLOUDED SULPHUR
Image_452.jpg,EASTERN COMA
Image_453.jpg,CRECENT
Image_454.jpg,SLEEPY ORANGE
Image_455.jpg,YELLOW SWALLOW TAIL
Image_456.jpg,ORANGE OAKLEAF
Image_457.jpg,SOUTHERN DOGFACE
Image_458.jpg,STRAITED QUEEN
Image_459.jpg,TWO BARRED FLASHER
Image_460.jpg,EASTERN DAPPLE WHITE
Image_461.jpg,PEACOCK
Image_462.jpg,BANDED PEACOCK
Image_463.jpg,DANAID EGGFLY
Image_464.jpg,ELBOWED PIERROT
Image_465.jpg,COMMON WOOD-NYMPH
Image_466.jpg,VICEROY
Image_467.jpg,MESTRA
Image_468.jpg,GREAT JAY
Image_469.jpg,SLEEPY ORANGE
Image_470.jpg,WOOD SATYR
Image_471.jpg,MANGROVE SKIPPER
Image_472.jpg,EASTERN COMA
Image_473.jpg,SILVER SPOT SKIPPER
Image_474.jpg,VICEROY
Image_475.jpg,PAPER KITE
Image_476.jpg,SILVER SPOT SKIPPER
Image_477.jpg,COPPER TAIL
Image_478.jpg,ORCHARD SWALLOW
Image_479.jpg,SOUTHERN DOGFACE
Image_480.jpg,SOOTYWING
Image_481.jpg,IPHICLUS SISTER
Image_482.jpg,EASTERN COMA
Image_483.jpg,RED CRACKER
Image_484.jpg,ATALA
Image_485.jpg,APPOLLO
Image_486.jpg,INDRA SWALLOW
Image_487.jpg,SOUTHERN DOGFACE
Image_488.jpg,POPINJAY
Image_489.jpg,MESTRA
Image_490.jpg,MANGROVE SKIPPER
Image_491.jpg,CAIRNS BIRDWING
Image_492.jpg,RED CRACKER
Image_493.jpg,GREAT EGGFLY
Image_494.jpg,TROPICAL LEAFWING
Image_495.jpg,BROWN SIPROETA
Image_496.jpg,ZEBRA LONG WING
Image_497.jpg,SCARCE SWALLOW
Image_498.jpg,MILBERTS TORTOISESHELL
Image_499.jpg,AFRICAN GIANT SWALLOWTAIL
Image_500.jpg,PINE WHITE
Image_501.jpg,GREAT EGGFLY
Image_502.jpg,BANDED ORANGE HELICONIAN
Image_503.jpg,PINE WHITE
Image_504.jpg,GREY HAIRSTREAK
Image_505.jpg,SLEEPY ORANGE
Image_506.jpg,MILBERTS TORTOISESHELL
Image_507.jpg,PURPLISH COPPER
Image_508.jpg,POPINJAY
Image_509.jpg,STRAITED QUEEN
Image_510.jpg,INDRA SWALLOW
Image_511.jpg,INDRA SWALLOW
Image_512.jpg,GREEN CELLED CATTLEHEART
Image_513.jpg,PIPEVINE SWALLOW
Image_514.jpg,PURPLISH COPPER
Image_515.jpg,IPHICLUS SISTER
Image_516.jpg,PAINTED LADY
Image_517.jpg,CLODIUS PARNASSIAN
Image_518.jpg,COMMON WOOD-NYMPH
Image_519.jpg,APPOLLO
Image_520.jpg,MESTRA
Image_521.jpg,MOURNING CLOAK
Image_522.jpg,PURPLISH COPPER
Image_523.jpg,METALMARK
Image_524.jpg,COMMON WOOD-NYMPH
Image_525.jpg,YELLOW SWALLOW TAIL
Image_526.jpg,MONARCH
Image_527.jpg,MOURNING CLOAK
Image_528.jpg,BLUE SPOTTED CROW
Image_529.jpg,SOUTHERN DOGFACE
Image_530.jpg,BLACK HAIRSTREAK
Image_531.jpg,APPOLLO
Image_532.jpg,PURPLISH COPPER
Image_533.jpg,CLODIUS PARNASSIAN
Image_534.jpg,CRECENT
Image_535.jpg,EASTERN DAPPLE WHITE
Image_536.jpg,RED CRACKER
Image_537.jpg,PURPLE HAIRSTREAK
Image_538.jpg,CABBAGE WHITE
Image_539.jpg,SCARCE SWALLOW
Image_540.jpg,MOURNING CLOAK
Image_541.jpg,BLACK HAIRSTREAK
Image_542.jpg,EASTERN PINE ELFIN
Image_543.jpg,WOOD SATYR
Image_544.jpg,YELLOW SWALLOW TAIL
Image_545.jpg,ORANGE TIP
Image_546.jpg,IPHICLUS SISTER
Image_547.jpg,AMERICAN SNOOT
Image_548.jpg,ATALA
Image_549.jpg,MILBERTS TORTOISESHELL
Image_550.jpg,CABBAGE WHITE
Image_551.jpg,MOURNING CLOAK
Image_552.jpg,RED SPOTTED PURPLE
Image_553.jpg,CLOUDED SULPHUR
Image_554.jpg,GREAT JAY
Image_555.jpg,GREAT JAY
Image_556.jpg,SLEEPY ORANGE
Image_557.jpg,MOURNING CLOAK
Image_558.jpg,CLOUDED SULPHUR
Image_559.jpg,CLOUDED SULPHUR
Image_560.jpg,IPHICLUS SISTER
Image_561.jpg,ATALA
Image_562.jpg,MANGROVE SKIPPER
Image_563.jpg,APPOLLO
Image_564.jpg,MANGROVE SKIPPER
Image_565.jpg,SOUTHERN DOGFACE
Image_566.jpg,SOUTHERN DOGFACE
Image_567.jpg,ATALA
Image_568.jpg,VICEROY
Image_569.jpg,MONARCH
Image_570.jpg,PIPEVINE SWALLOW
Image_571.jpg,COMMON BANDED AWL
Image_572.jpg,COPPER TAIL
Image_573.jpg,MOURNING CLOAK
Image_574.jpg,PINE WHITE
Image_575.jpg,PURPLISH COPPER
Image_576.jpg,GREAT JAY
Image_577.jpg,PINE WHITE
Image_578.jpg,VICEROY
Image_579.jpg,WOOD SATYR
Image_580.jpg,EASTERN PINE ELFIN
Image_581.jpg,SOOTYWING
Image_582.jpg,PURPLE HAIRSTREAK
Image_583.jpg,DANAID EGGFLY
Image_584.jpg,GREAT EGGFLY
Image_585.jpg,SILVER SPOT SKIPPER
Image_586.jpg,ZEBRA LONG WING
Image_587.jpg,RED CRACKER
Image_588.jpg,JULIA
Image_589.jpg,SOOTYWING
Image_590.jpg,CLEOPATRA
Image_591.jpg,MANGROVE SKIPPER
Image_592.jpg,RED POSTMAN
Image_593.jpg,PAINTED LADY
Image_594.jpg,CLODIUS PARNASSIAN
Image_595.jpg,MOURNING CLOAK
Image_596.jpg,QUESTION MARK
Image_597.jpg,SLEEPY ORANGE
Image_598.jpg,INDRA SWALLOW
Image_599.jpg,AN 88
Image_600.jpg,CLEOPATRA
Image_601.jpg,VICEROY
Image_602.jpg,PURPLE HAIRSTREAK
Image_603.jpg,PURPLE HAIRSTREAK
Image_604.jpg,ORANGE TIP
Image_605.jpg,RED CRACKER
Image_606.jpg,MANGROVE SKIPPER
Image_607.jpg,ADONIS
Image_608.jpg,VICEROY
Image_609.jpg,EASTERN PINE ELFIN
Image_610.jpg,COPPER TAIL
Image_611.jpg,PIPEVINE SWALLOW
Image_612.jpg,SILVER SPOT SKIPPER
Image_613.jpg,ADONIS
Image_614.jpg,ULYSES
Image_615.jpg,CABBAGE WHITE
Image_616.jpg,VICEROY
Image_617.jpg,MANGROVE SKIPPER
Image_618.jpg,GOLD BANDED
Image_619.jpg,EASTERN COMA
Image_620.jpg,RED CRACKER
Image_621.jpg,IPHICLUS SISTER
Image_622.jpg,BROWN SIPROETA
Image_623.jpg,MANGROVE SKIPPER
Image_624.jpg,RED ADMIRAL
Image_625.jpg,COMMON WOOD-NYMPH
Image_626.jpg,GREY HAIRSTREAK
Image_627.jpg,IPHICLUS SISTER
Image_628.jpg,MOURNING CLOAK
Image_629.jpg,CLOUDED SULPHUR
Image_630.jpg,SLEEPY ORANGE
Image_631.jpg,SOUTHERN DOGFACE
Image_632.jpg,LARGE MARBLE
Image_633.jpg,BROWN SIPROETA
Image_634.jpg,COMMON BANDED AWL
Image_635.jpg,PAPER KITE
Image_636.jpg,EASTERN PINE ELFIN
Image_637.jpg,GREAT JAY
Image_638.jpg,BLACK HAIRSTREAK
Image_639.jpg,BECKERS WHITE
Image_640.jpg,METALMARK
Image_641.jpg,CAIRNS BIRDWING
Image_642.jpg,INDRA SWALLOW
Image_643.jpg,EASTERN COMA
Image_644.jpg,DANAID EGGFLY
Image_645.jpg,ELBOWED PIERROT
Image_646.jpg,DANAID EGGFLY
Image_647.jpg,EASTERN DAPPLE WHITE
Image_648.jpg,ORCHARD SWALLOW
Image_649.jpg,MOURNING CLOAK
Image_650.jpg,BECKERS WHITE
Image_651.jpg,STRAITED QUEEN
Image_652.jpg,PIPEVINE SWALLOW
Image_653.jpg,CRECENT
Image_654.jpg,BANDED ORANGE HELICONIAN
Image_655.jpg,BLACK HAIRSTREAK
Image_656.jpg,ELBOWED PIERROT
Image_657.jpg,CLEOPATRA
Image_658.jpg,AFRICAN GIANT SWALLOWTAIL
Image_659.jpg,CRIMSON PATCH
Image_660.jpg,ELBOWED PIERROT
Image_661.jpg,ORANGE OAKLEAF
Image_662.jpg,GOLD BANDED
Image_663.jpg,CAIRNS BIRDWING
Image_664.jpg,CABBAGE WHITE
Image_665.jpg,CHECQUERED SKIPPER
Image_666.jpg,MALACHITE
Image_667.jpg,COMMON WOOD-NYMPH
Image_668.jpg,ULYSES
Image_669.jpg,CLEOPATRA
Image_670.jpg,APPOLLO
Image_671.jpg,SOOTYWING
Image_672.jpg,BANDED PEACOCK
Image_673.jpg,MESTRA
Image_674.jpg,PAINTED LADY
Image_675.jpg,DANAID EGGFLY
Image_676.jpg,BLACK HAIRSTREAK
Image_677.jpg,ORANGE OAKLEAF
Image_678.jpg,MANGROVE SKIPPER
Image_679.jpg,SOOTYWING
Image_680.jpg,ORANGE TIP
Image_681.jpg,CRIMSON PATCH
Image_682.jpg,EASTERN COMA
Image_683.jpg,MILBERTS TORTOISESHELL
Image_684.jpg,COMMON BANDED AWL
Image_685.jpg,CAIRNS BIRDWING
Image_686.jpg,RED SPOTTED PURPLE
Image_687.jpg,SOOTYWING
Image_688.jpg,GREAT JAY
Image_689.jpg,GREY HAIRSTREAK
Image_690.jpg,DANAID EGGFLY
Image_691.jpg,DANAID EGGFLY
Image_692.jpg,GREAT JAY
Image_693.jpg,PURPLE HAIRSTREAK
Image_694.jpg,BANDED ORANGE HELICONIAN
Image_695.jpg,SOOTYWING
Image_696.jpg,EASTERN COMA
Image_697.jpg,CHECQUERED SKIPPER
Image_698.jpg,RED ADMIRAL
Image_699.jpg,GREEN CELLED CATTLEHEART
Image_700.jpg,ORANGE OAKLEAF
Image_701.jpg,PIPEVINE SWALLOW
Image_702.jpg,GREEN CELLED CATTLEHEART
Image_703.jpg,ATALA
Image_704.jpg,BROWN SIPROETA
Image_705.jpg,PAINTED LADY
Image_706.jpg,CRIMSON PATCH
Image_707.jpg,ULYSES
Image_708.jpg,CLOUDED SULPHUR
Image_709.jpg,STRAITED QUEEN
Image_710.jpg,PIPEVINE SWALLOW
Image_711.jpg,PIPEVINE SWALLOW
Image_712.jpg,SLEEPY ORANGE
Image_713.jpg,GREAT EGGFLY
Image_714.jpg,MOURNING CLOAK
Image_715.jpg,PAPER KITE
Image_716.jpg,MONARCH
Image_717.jpg,ULYSES
Image_718.jpg,DANAID EGGFLY
Image_719.jpg,INDRA SWALLOW
Image_720.jpg,PIPEVINE SWALLOW
Image_721.jpg,STRAITED QUEEN
Image_722.jpg,EASTERN PINE ELFIN
Image_723.jpg,DANAID EGGFLY
Image_724.jpg,ORANGE TIP
Image_725.jpg,STRAITED QUEEN
Image_726.jpg,BANDED ORANGE HELICONIAN
Image_727.jpg,BLUE SPOTTED CROW
Image_728.jpg,SLEEPY ORANGE
Image_729.jpg,EASTERN DAPPLE WHITE
Image_730.jpg,INDRA SWALLOW
Image_731.jpg,SOOTYWING
Image_732.jpg,GREY HAIRSTREAK
Image_733.jpg,ULYSES
Image_734.jpg,SOUTHERN DOGFACE
Image_735.jpg,PAINTED LADY
Image_736.jpg,POPINJAY
Image_737.jpg,ATALA
Image_738.jpg,MANGROVE SKIPPER
Image_739.jpg,PAINTED LADY
Image_740.jpg,PURPLISH COPPER
Image_741.jpg,POPINJAY
Image_742.jpg,INDRA SWALLOW
Image_743.jpg,MALACHITE
Image_744.jpg,PAPER KITE
Image_745.jpg,BECKERS WHITE
Image_746.jpg,MANGROVE SKIPPER
Image_747.jpg,ORANGE TIP
Image_748.jpg,ADONIS
Image_749.jpg,TROPICAL LEAFWING
Image_750.jpg,AFRICAN GIANT SWALLOWTAIL
Image_751.jpg,AN 88
Image_752.jpg,RED ADMIRAL
Image_753.jpg,ULYSES
Image_754.jpg,MALACHITE
Image_755.jpg,SOOTYWING
Image_756.jpg,MOURNING CLOAK
Image_757.jpg,MOURNING CLOAK
Image_758.jpg,QUESTION MARK
Image_759.jpg,BANDED PEACOCK
Image_760.jpg,TWO BARRED FLASHER
Image_761.jpg,WOOD SATYR
Image_762.jpg,ADONIS
Image_763.jpg,PEACOCK
Image_764.jpg,APPOLLO
Image_765.jpg,ATALA
Image_766.jpg,MALACHITE
Image_767.jpg,ATALA
Image_768.jpg,MILBERTS TORTOISESHELL
Image_769.jpg,IPHICLUS SISTER
Image_770.jpg,AFRICAN GIANT SWALLOWTAIL
Image_771.jpg,RED CRACKER
Image_772.jpg,CAIRNS BIRDWING
Image_773.jpg,STRAITED QUEEN
Image_774.jpg,PINE WHITE
Image_775.jpg,CLOUDED SULPHUR
Image_776.jpg,GREAT JAY
Image_777.jpg,STRAITED QUEEN
Image_778.jpg,CAIRNS BIRDWING
Image_779.jpg,MILBERTS TORTOISESHELL
Image_780.jpg,CLODIUS PARNASSIAN
Image_781.jpg,RED POSTMAN
Image_782.jpg,PAPER KITE
Image_783.jpg,SCARCE SWALLOW
Image_784.jpg,GREAT JAY
Image_785.jpg,WOOD SATYR
Image_786.jpg,SLEEPY ORANGE
Image_787.jpg,MILBERTS TORTOISESHELL
Image_788.jpg,PURPLISH COPPER
Image_789.jpg,ADONIS
Image_790.jpg,STRAITED QUEEN
Image_791.jpg,CRIMSON PATCH
Image_792.jpg,CRIMSON PATCH
Image_793.jpg,RED SPOTTED PURPLE
Image_794.jpg,EASTERN DAPPLE WHITE
Image_795.jpg,AN 88
Image_796.jpg,ORCHARD SWALLOW
Image_797.jpg,ORANGE TIP
Image_798.jpg,ATALA
Image_799.jpg,EASTERN DAPPLE WHITE
Image_800.jpg,BLUE SPOTTED CROW
Image_801.jpg,PIPEVINE SWALLOW
Image_802.jpg,PAINTED LADY
Image_803.jpg,RED ADMIRAL
Image_804.jpg,MOURNING CLOAK
Image_805.jpg,BROWN SIPROETA
Image_806.jpg,GREAT EGGFLY
Image_807.jpg,CLOUDED SULPHUR
Image_808.jpg,MILBERTS TORTOISESHELL
Image_809.jpg,ORCHARD SWALLOW
Image_810.jpg,BLUE SPOTTED CROW
Image_811.jpg,BROWN SIPROETA
Image_812.jpg,WOOD SATYR
Image_813.jpg,EASTERN PINE ELFIN
Image_814.jpg,PAPER KITE
Image_815.jpg,DANAID EGGFLY
Image_816.jpg,RED ADMIRAL
Image_817.jpg,METALMARK
Image_818.jpg,EASTERN COMA
Image_819.jpg,RED POSTMAN
Image_820.jpg,MOURNING CLOAK
Image_821.jpg,SOOTYWING
Image_822.jpg,PAPER KITE
Image_823.jpg,TROPICAL LEAFWING
Image_824.jpg,PIPEVINE SWALLOW
Image_825.jpg,PIPEVINE SWALLOW
Image_826.jpg,BROWN SIPROETA
Image_827.jpg,ORANGE TIP
Image_828.jpg,PAINTED LADY
Image_829.jpg,PIPEVINE SWALLOW
Image_830.jpg,RED POSTMAN
Image_831.jpg,COMMON WOOD-NYMPH
Image_832.jpg,TROPICAL LEAFWING
Image_833.jpg,ELBOWED PIERROT
Image_834.jpg,MOURNING CLOAK
Image_835.jpg,ORANGE OAKLEAF
Image_836.jpg,APPOLLO
Image_837.jpg,ATALA
Image_838.jpg,BLACK HAIRSTREAK
Image_839.jpg,BLUE SPOTTED CROW
Image_840.jpg,METALMARK
Image_841.jpg,METALMARK
Image_842.jpg,ADONIS
Image_843.jpg,INDRA SWALLOW
Image_844.jpg,AN 88
Image_845.jpg,JULIA
Image_846.jpg,CRECENT
Image_847.jpg,STRAITED QUEEN
Image_848.jpg,JULIA
Image_849.jpg,MANGROVE SKIPPER
Image_850.jpg,METALMARK
Image_851.jpg,PIPEVINE SWALLOW
Image_852.jpg,MOURNING CLOAK
Image_853.jpg,PURPLISH COPPER
Image_854.jpg,TROPICAL LEAFWING
Image_855.jpg,RED ADMIRAL
Image_856.jpg,YELLOW SWALLOW TAIL
Image_857.jpg,PIPEVINE SWALLOW
Image_858.jpg,CAIRNS BIRDWING
Image_859.jpg,ELBOWED PIERROT
Image_860.jpg,ORCHARD SWALLOW
Image_861.jpg,SOOTYWING
Image_862.jpg,BLUE SPOTTED CROW
Image_863.jpg,INDRA SWALLOW
Image_864.jpg,MOURNING CLOAK
Image_865.jpg,MANGROVE SKIPPER
Image_866.jpg,PIPEVINE SWALLOW
Image_867.jpg,VICEROY
Image_868.jpg,ORCHARD SWALLOW
Image_869.jpg,PAINTED LADY
Image_870.jpg,ATALA
Image_871.jpg,GREY HAIRSTREAK
Image_872.jpg,CRIMSON PATCH
Image_873.jpg,SOOTYWING
Image_874.jpg,BLUE MORPHO
Image_875.jpg,COMMON BANDED AWL
Image_876.jpg,CHESTNUT
Image_877.jpg,CRIMSON PATCH
Image_878.jpg,COPPER TAIL
Image_879.jpg,GREAT JAY
Image_880.jpg,COMMON WOOD-NYMPH
Image_881.jpg,PURPLISH COPPER
Image_882.jpg,GREY HAIRSTREAK
Image_883.jpg,IPHICLUS SISTER
Image_884.jpg,GREY HAIRSTREAK
Image_885.jpg,WOOD SATYR
Image_886.jpg,RED POSTMAN
Image_887.jpg,GREEN CELLED CATTLEHEART
Image_888.jpg,PURPLISH COPPER
Image_889.jpg,GREAT JAY
Image_890.jpg,COPPER TAIL
Image_891.jpg,PAINTED LADY
Image_892.jpg,COMMON WOOD-NYMPH
Image_893.jpg,DANAID EGGFLY
Image_894.jpg,CAIRNS BIRDWING
Image_895.jpg,MONARCH
Image_896.jpg,SILVER SPOT SKIPPER
Image_897.jpg,SOOTYWING
Image_898.jpg,METALMARK
Image_899.jpg,RED POSTMAN
Image_900.jpg,ADONIS
Image_901.jpg,BROWN SIPROETA
Image_902.jpg,PIPEVINE SWALLOW
Image_903.jpg,POPINJAY
Image_904.jpg,AN 88
Image_905.jpg,MOURNING CLOAK
Image_906.jpg,EASTERN PINE ELFIN
Image_907.jpg,SOOTYWING
Image_908.jpg,CLODIUS PARNASSIAN
Image_909.jpg,MOURNING CLOAK
Image_910.jpg,APPOLLO
Image_911.jpg,MOURNING CLOAK
Image_912.jpg,COMMON BANDED AWL
Image_913.jpg,RED CRACKER
Image_914.jpg,EASTERN DAPPLE WHITE
Image_915.jpg,COMMON BANDED AWL
Image_916.jpg,ATALA
Image_917.jpg,RED CRACKER
Image_918.jpg,PURPLE HAIRSTREAK
Image_919.jpg,ATALA
Image_920.jpg,BECKERS WHITE
Image_921.jpg,CHECQUERED SKIPPER
Image_922.jpg,GREAT JAY
Image_923.jpg,BECKERS WHITE
Image_924.jpg,BROWN SIPROETA
Image_925.jpg,CABBAGE WHITE
Image_926.jpg,TWO BARRED FLASHER
Image_927.jpg,ORANGE OAKLEAF
Image_928.jpg,SOOTYWING
Image_929.jpg,YELLOW SWALLOW TAIL
Image_930.jpg,PAPER KITE
Image_931.jpg,JULIA
Image_932.jpg,WOOD SATYR
Image_933.jpg,CRIMSON PATCH
Image_934.jpg,PIPEVINE SWALLOW
Image_935.jpg,AFRICAN GIANT SWALLOWTAIL
Image_936.jpg,IPHICLUS SISTER
Image_937.jpg,SOOTYWING
Image_938.jpg,EASTERN DAPPLE WHITE
Image_939.jpg,MONARCH
Image_940.jpg,SILVER SPOT SKIPPER
Image_941.jpg,GREY HAIRSTREAK
Image_942.jpg,CLODIUS PARNASSIAN
Image_943.jpg,EASTERN COMA
Image_944.jpg,ZEBRA LONG WING
Image_945.jpg,MONARCH
Image_946.jpg,CHESTNUT
Image_947.jpg,DANAID EGGFLY
Image_948.jpg,INDRA SWALLOW
Image_949.jpg,PEACOCK
Image_950.jpg,ORANGE OAKLEAF
Image_951.jpg,GREY HAIRSTREAK
Image_952.jpg,ADONIS
Image_953.jpg,GREAT EGGFLY
Image_954.jpg,ORANGE OAKLEAF
Image_955.jpg,GREAT JAY
Image_956.jpg,MANGROVE SKIPPER
Image_957.jpg,EASTERN DAPPLE WHITE
Image_958.jpg,CRECENT
Image_959.jpg,BLUE SPOTTED CROW
Image_960.jpg,PAPER KITE
Image_961.jpg,CLODIUS PARNASSIAN
Image_962.jpg,CRIMSON PATCH
Image_963.jpg,ORANGE TIP
Image_964.jpg,ORANGE TIP
Image_965.jpg,RED POSTMAN
Image_966.jpg,SILVER SPOT SKIPPER
Image_967.jpg,CHESTNUT
Image_968.jpg,SILVER SPOT SKIPPER
Image_969.jpg,SOUTHERN DOGFACE
Image_970.jpg,AN 88
Image_971.jpg,ORCHARD SWALLOW
Image_972.jpg,BLACK HAIRSTREAK
Image_973.jpg,RED CRACKER
Image_974.jpg,CLEOPATRA
Image_975.jpg,BROWN SIPROETA
Image_976.jpg,GREY HAIRSTREAK
Image_977.jpg,ADONIS
Image_978.jpg,EASTERN COMA
Image_979.jpg,CHESTNUT
Image_980.jpg,INDRA SWALLOW
Image_981.jpg,GREAT EGGFLY
Image_982.jpg,YELLOW SWALLOW TAIL
Image_983.jpg,POPINJAY
Image_984.jpg,CLEOPATRA
Image_985.jpg,MOURNING CLOAK
Image_986.jpg,APPOLLO
Image_987.jpg,WOOD SATYR
Image_988.jpg,ATALA
Image_989.jpg,CABBAGE WHITE
Image_990.jpg,GREEN CELLED CATTLEHEART
Image_991.jpg,RED CRACKER
Image_992.jpg,PIPEVINE SWALLOW
Image_993.jpg,PIPEVINE SWALLOW
Image_994.jpg,ADONIS
Image_995.jpg,EASTERN DAPPLE WHITE
Image_996.jpg,BLACK HAIRSTREAK
Image_997.jpg,BANDED PEACOCK
Image_998.jpg,MOURNING CLOAK
Image_999.jpg,CHECQUERED SKIPPER
Image_1000.jpg,JULIA
Image_1001.jpg,RED SPOTTED PURPLE
Image_1002.jpg,INDRA SWALLOW
Image_1003.jpg,STRAITED QUEEN
Image_1004.jpg,SOOTYWING
Image_1005.jpg,CHECQUERED SKIPPER
Image_1006.jpg,GREY HAIRSTREAK
Image_1007.jpg,MONARCH
Image_1008.jpg,ORANGE OAKLEAF
Image_1009.jpg,SILVER SPOT SKIPPER
Image_1010.jpg,PURPLISH COPPER
Image_1011.jpg,QUESTION MARK
Image_1012.jpg,ORANGE OAKLEAF
Image_1013.jpg,ADONIS
Image_1014.jpg,MOURNING CLOAK
Image_1015.jpg,LARGE MARBLE
Image_1016.jpg,ULYSES
Image_1017.jpg,PURPLE HAIRSTREAK
Image_1018.jpg,METALMARK
Image_1019.jpg,GREAT JAY
Image_1020.jpg,CHESTNUT
Image_1021.jpg,POPINJAY
Image_1022.jpg,COPPER TAIL
Image_1023.jpg,MOURNING CLOAK
Image_1024.jpg,BLUE MORPHO
Image_1025.jpg,PAPER KITE
Image_1026.jpg,PAINTED LADY
Image_1027.jpg,METALMARK
Image_1028.jpg,BLACK HAIRSTREAK
Image_1029.jpg,ATALA
Image_1030.jpg,COMMON BANDED AWL
Image_1031.jpg,CRECENT
Image_1032.jpg,BANDED PEACOCK
Image_1033.jpg,METALMARK
Image_1034.jpg,PAPER KITE
Image_1035.jpg,ATALA
Image_1036.jpg,ATALA
Image_1037.jpg,PEACOCK
Image_1038.jpg,MILBERTS TORTOISESHELL
Image_1039.jpg,ELBOWED PIERROT
Image_1040.jpg,BROWN SIPROETA
Image_1041.jpg,AMERICAN SNOOT
Image_1042.jpg,CAIRNS BIRDWING
Image_1043.jpg,BROWN SIPROETA
Image_1044.jpg,BLUE SPOTTED CROW
Image_1045.jpg,GREAT JAY
Image_1046.jpg,DANAID EGGFLY
Image_1047.jpg,POPINJAY
Image_1048.jpg,SLEEPY ORANGE
Image_1049.jpg,IPHICLUS SISTER
Image_1050.jpg,GREAT EGGFLY
Image_1051.jpg,BLACK HAIRSTREAK
Image_1052.jpg,JULIA
Image_1053.jpg,TROPICAL LEAFWING
Image_1054.jpg,RED POSTMAN
Image_1055.jpg,PAPER KITE
Image_1056.jpg,CLODIUS PARNASSIAN
Image_1057.jpg,MONARCH
Image_1058.jpg,DANAID EGGFLY
Image_1059.jpg,IPHICLUS SISTER
Image_1060.jpg,DANAID EGGFLY
Image_1061.jpg,YELLOW SWALLOW TAIL
Image_1062.jpg,CABBAGE WHITE
Image_1063.jpg,GREY HAIRSTREAK
Image_1064.jpg,EASTERN COMA
Image_1065.jpg,MOURNING CLOAK
Image_1066.jpg,SOUTHERN DOGFACE
Image_1067.jpg,STRAITED QUEEN
Image_1068.jpg,SOUTHERN DOGFACE
Image_1069.jpg,BANDED ORANGE HELICONIAN
Image_1070.jpg,ORANGE OAKLEAF
Image_1071.jpg,BROWN SIPROETA
Image_1072.jpg,CLOUDED SULPHUR
Image_1073.jpg,BROWN SIPROETA
Image_1074.jpg,RED POSTMAN
Image_1075.jpg,EASTERN COMA
Image_1076.jpg,SOOTYWING
Image_1077.jpg,YELLOW SWALLOW TAIL
Image_1078.jpg,BROWN SIPROETA
Image_1079.jpg,LARGE MARBLE
Image_1080.jpg,SOOTYWING
Image_1081.jpg,PAPER KITE
Image_1082.jpg,CLEOPATRA
Image_1083.jpg,POPINJAY
Image_1084.jpg,ORANGE TIP
Image_1085.jpg,ORCHARD SWALLOW
Image_1086.jpg,RED POSTMAN
Image_1087.jpg,ORANGE OAKLEAF
Image_1088.jpg,PAPER KITE
Image_1089.jpg,GOLD BANDED
Image_1090.jpg,GREAT EGGFLY
Image_1091.jpg,WOOD SATYR
Image_1092.jpg,MANGROVE SKIPPER
Image_1093.jpg,GREY HAIRSTREAK
Image_1094.jpg,CLODIUS PARNASSIAN
Image_1095.jpg,CHESTNUT
Image_1096.jpg,ADONIS
Image_1097.jpg,CHESTNUT
Image_1098.jpg,BROWN SIPROETA
Image_1099.jpg,GREY HAIRSTREAK
Image_1100.jpg,PIPEVINE SWALLOW
Image_1101.jpg,MESTRA
Image_1102.jpg,POPINJAY
Image_1103.jpg,ATALA
Image_1104.jpg,MOURNING CLOAK
Image_1105.jpg,AMERICAN SNOOT
Image_1106.jpg,CHECQUERED SKIPPER
Image_1107.jpg,SCARCE SWALLOW
Image_1108.jpg,ULYSES
Image_1109.jpg,SOOTYWING
Image_1110.jpg,TROPICAL LEAFWING
Image_1111.jpg,SCARCE SWALLOW
Image_1112.jpg,SOUTHERN DOGFACE
Image_1113.jpg,PAPER KITE
Image_1114.jpg,SILVER SPOT SKIPPER
Image_1115.jpg,RED POSTMAN
Image_1116.jpg,PIPEVINE SWALLOW
Image_1117.jpg,RED POSTMAN
Image_1118.jpg,ADONIS
Image_1119.jpg,MANGROVE SKIPPER
Image_1120.jpg,ULYSES
Image_1121.jpg,PINE WHITE
Image_1122.jpg,BANDED PEACOCK
Image_1123.jpg,ORANGE OAKLEAF
Image_1124.jpg,EASTERN COMA
Image_1125.jpg,JULIA
Image_1126.jpg,INDRA SWALLOW
Image_1127.jpg,IPHICLUS SISTER
Image_1128.jpg,VICEROY
Image_1129.jpg,METALMARK
Image_1130.jpg,GREAT JAY
Image_1131.jpg,RED SPOTTED PURPLE
Image_1132.jpg,SLEEPY ORANGE
Image_1133.jpg,BLACK HAIRSTREAK
Image_1134.jpg,APPOLLO
Image_1135.jpg,RED POSTMAN
Image_1136.jpg,VICEROY
Image_1137.jpg,ORANGE OAKLEAF
Image_1138.jpg,VICEROY
Image_1139.jpg,COMMON WOOD-NYMPH
Image_1140.jpg,PURPLE HAIRSTREAK
Image_1141.jpg,EASTERN PINE ELFIN
Image_1142.jpg,AN 88
Image_1143.jpg,CRECENT
Image_1144.jpg,CHESTNUT
Image_1145.jpg,CHESTNUT
Image_1146.jpg,EASTERN DAPPLE WHITE
Image_1147.jpg,RED ADMIRAL
Image_1148.jpg,SCARCE SWALLOW
Image_1149.jpg,MOURNING CLOAK
Image_1150.jpg,CRECENT
Image_1151.jpg,CLODIUS PARNASSIAN
Image_1152.jpg,POPINJAY
Image_1153.jpg,PAINTED LADY
Image_1154.jpg,EASTERN PINE ELFIN
Image_1155.jpg,CLODIUS PARNASSIAN
Image_1156.jpg,SLEEPY ORANGE
Image_1157.jpg,SOUTHERN DOGFACE
Image_1158.jpg,POPINJAY
Image_1159.jpg,RED ADMIRAL
Image_1160.jpg,CLODIUS PARNASSIAN
Image_1161.jpg,IPHICLUS SISTER
Image_1162.jpg,RED CRACKER
Image_1163.jpg,MOURNING CLOAK
Image_1164.jpg,MANGROVE SKIPPER
Image_1165.jpg,AFRICAN GIANT SWALLOWTAIL
Image_1166.jpg,CLEOPATRA
Image_1167.jpg,POPINJAY
Image_1168.jpg,SOUTHERN DOGFACE
Image_1169.jpg,MALACHITE
Image_1170.jpg,RED ADMIRAL
Image_1171.jpg,RED POSTMAN
Image_1172.jpg,PAPER KITE
Image_1173.jpg,BLACK HAIRSTREAK
Image_1174.jpg,BANDED PEACOCK
Image_1175.jpg,COPPER TAIL
Image_1176.jpg,MONARCH
Image_1177.jpg,EASTERN DAPPLE WHITE
Image_1178.jpg,SOUTHERN DOGFACE
Image_1179.jpg,SCARCE SWALLOW
Image_1180.jpg,MONARCH
Image_1181.jpg,SLEEPY ORANGE
Image_1182.jpg,PAINTED LADY
Image_1183.jpg,BECKERS WHITE
Image_1184.jpg,METALMARK
Image_1185.jpg,AN 88
Image_1186.jpg,CRIMSON PATCH
Image_1187.jpg,POPINJAY
Image_1188.jpg,CAIRNS BIRDWING
Image_1189.jpg,GREEN CELLED CATTLEHEART
Image_1190.jpg,DANAID EGGFLY
Image_1191.jpg,PAPER KITE
Image_1192.jpg,RED POSTMAN
Image_1193.jpg,MONARCH
Image_1194.jpg,BLACK HAIRSTREAK
Image_1195.jpg,MALACHITE
Image_1196.jpg,BLACK HAIRSTREAK
Image_1197.jpg,RED CRACKER
Image_1198.jpg,WOOD SATYR
Image_1199.jpg,GREEN CELLED CATTLEHEART
Image_1200.jpg,ZEBRA LONG WING
Image_1201.jpg,ULYSES
Image_1202.jpg,AN 88
Image_1203.jpg,MILBERTS TORTOISESHELL
Image_1204.jpg,ADONIS
Image_1205.jpg,VICEROY
Image_1206.jpg,CHESTNUT
Image_1207.jpg,GREAT EGGFLY
Image_1208.jpg,CAIRNS BIRDWING
Image_1209.jpg,CRIMSON PATCH
Image_1210.jpg,CLEOPATRA
Image_1211.jpg,CRECENT
Image_1212.jpg,MILBERTS TORTOISESHELL
Image_1213.jpg,MOURNING CLOAK
Image_1214.jpg,MONARCH
Image_1215.jpg,RED SPOTTED PURPLE
Image_1216.jpg,PURPLE HAIRSTREAK
Image_1217.jpg,STRAITED QUEEN
Image_1218.jpg,CHECQUERED SKIPPER
Image_1219.jpg,COMMON BANDED AWL
Image_1220.jpg,TROPICAL LEAFWING
Image_1221.jpg,APPOLLO
Image_1222.jpg,BANDED PEACOCK
Image_1223.jpg,SOOTYWING
Image_1224.jpg,CAIRNS BIRDWING
Image_1225.jpg,PEACOCK
Image_1226.jpg,AMERICAN SNOOT
Image_1227.jpg,ORCHARD SWALLOW
Image_1228.jpg,CHESTNUT
Image_1229.jpg,INDRA SWALLOW
Image_1230.jpg,SOOTYWING
Image_1231.jpg,STRAITED QUEEN
Image_1232.jpg,MALACHITE
Image_1233.jpg,MANGROVE SKIPPER
Image_1234.jpg,MOURNING CLOAK
Image_1235.jpg,CABBAGE WHITE
Image_1236.jpg,ADONIS
Image_1237.jpg,MOURNING CLOAK
Image_1238.jpg,CAIRNS BIRDWING
Image_1239.jpg,BANDED PEACOCK
Image_1240.jpg,GREAT EGGFLY
Image_1241.jpg,DANAID EGGFLY
Image_1242.jpg,JULIA
Image_1243.jpg,GREAT JAY
Image_1244.jpg,CABBAGE WHITE
Image_1245.jpg,IPHICLUS SISTER
Image_1246.jpg,EASTERN DAPPLE WHITE
Image_1247.jpg,SOUTHERN DOGFACE
Image_1248.jpg,SOUTHERN DOGFACE
Image_1249.jpg,DANAID EGGFLY
Image_1250.jpg,CHECQUERED SKIPPER
Image_1251.jpg,MESTRA
Image_1252.jpg,STRAITED QUEEN
Image_1253.jpg,MALACHITE
Image_1254.jpg,LARGE MARBLE
Image_1255.jpg,INDRA SWALLOW
Image_1256.jpg,POPINJAY
Image_1257.jpg,MOURNING CLOAK
Image_1258.jpg,GREAT EGGFLY
Image_1259.jpg,PIPEVINE SWALLOW
Image_1260.jpg,VICEROY
Image_1261.jpg,INDRA SWALLOW
Image_1262.jpg,CLEOPATRA
Image_1263.jpg,COMMON BANDED AWL
Image_1264.jpg,CLODIUS PARNASSIAN
Image_1265.jpg,JULIA
Image_1266.jpg,PAINTED LADY
Image_1267.jpg,METALMARK
Image_1268.jpg,MALACHITE
Image_1269.jpg,INDRA SWALLOW
Image_1270.jpg,CLOUDED SULPHUR
Image_1271.jpg,CRECENT
Image_1272.jpg,COMMON WOOD-NYMPH
Image_1273.jpg,APPOLLO
Image_1274.jpg,SILVER SPOT SKIPPER
Image_1275.jpg,METALMARK
Image_1276.jpg,POPINJAY
Image_1277.jpg,BLUE MORPHO
Image_1278.jpg,CAIRNS BIRDWING
Image_1279.jpg,RED SPOTTED PURPLE
Image_1280.jpg,ELBOWED PIERROT
Image_1281.jpg,IPHICLUS SISTER
Image_1282.jpg,AMERICAN SNOOT
Image_1283.jpg,BLACK HAIRSTREAK
Image_1284.jpg,COMMON BANDED AWL
Image_1285.jpg,BLUE SPOTTED CROW
Image_1286.jpg,VICEROY
Image_1287.jpg,PINE WHITE
Image_1288.jpg,GOLD BANDED
Image_1289.jpg,BROWN SIPROETA
Image_1290.jpg,COMMON WOOD-NYMPH
Image_1291.jpg,MANGROVE SKIPPER
Image_1292.jpg,DANAID EGGFLY
Image_1293.jpg,MOURNING CLOAK
Image_1294.jpg,IPHICLUS SISTER
Image_1295.jpg,CLODIUS PARNASSIAN
Image_1296.jpg,PIPEVINE SWALLOW
Image_1297.jpg,GREAT EGGFLY
Image_1298.jpg,SILVER SPOT SKIPPER
Image_1299.jpg,SOOTYWING
Image_1300.jpg,MONARCH
Image_1301.jpg,MONARCH
Image_1302.jpg,RED CRACKER
Image_1303.jpg,GOLD BANDED
Image_1304.jpg,BLACK HAIRSTREAK
Image_1305.jpg,SCARCE SWALLOW
Image_1306.jpg,ORANGE OAKLEAF
Image_1307.jpg,EASTERN COMA
Image_1308.jpg,INDRA SWALLOW
Image_1309.jpg,PAINTED LADY
Image_1310.jpg,AFRICAN GIANT SWALLOWTAIL
Image_1311.jpg,PIPEVINE SWALLOW
Image_1312.jpg,EASTERN COMA
Image_1313.jpg,GREAT EGGFLY
Image_1314.jpg,TWO BARRED FLASHER
Image_1315.jpg,WOOD SATYR
Image_1316.jpg,MOURNING CLOAK
Image_1317.jpg,BLACK HAIRSTREAK
Image_1318.jpg,LARGE MARBLE
Image_1319.jpg,MANGROVE SKIPPER
Image_1320.jpg,CRIMSON PATCH
Image_1321.jpg,ADONIS
Image_1322.jpg,PIPEVINE SWALLOW
Image_1323.jpg,BLUE MORPHO
Image_1324.jpg,ATALA
Image_1325.jpg,ATALA
Image_1326.jpg,MESTRA
Image_1327.jpg,EASTERN DAPPLE WHITE
Image_1328.jpg,INDRA SWALLOW
Image_1329.jpg,ATALA
Image_1330.jpg,CHECQUERED SKIPPER
Image_1331.jpg,AN 88
Image_1332.jpg,MALACHITE
Image_1333.jpg,COMMON WOOD-NYMPH
Image_1334.jpg,TWO BARRED FLASHER
Image_1335.jpg,SCARCE SWALLOW
Image_1336.jpg,PURPLE HAIRSTREAK
Image_1337.jpg,BECKERS WHITE
Image_1338.jpg,PEACOCK
Image_1339.jpg,STRAITED QUEEN
Image_1340.jpg,GREEN CELLED CATTLEHEART
Image_1341.jpg,SLEEPY ORANGE
Image_1342.jpg,MANGROVE SKIPPER
Image_1343.jpg,BANDED PEACOCK
Image_1344.jpg,MONARCH
Image_1345.jpg,MOURNING CLOAK
Image_1346.jpg,LARGE MARBLE
Image_1347.jpg,CLODIUS PARNASSIAN
Image_1348.jpg,TROPICAL LEAFWING
Image_1349.jpg,TWO BARRED FLASHER
Image_1350.jpg,RED CRACKER
Image_1351.jpg,MANGROVE SKIPPER
Image_1352.jpg,SOOTYWING
Image_1353.jpg,TROPICAL LEAFWING
Image_1354.jpg,MOURNING CLOAK
Image_1355.jpg,COMMON WOOD-NYMPH
Image_1356.jpg,CLODIUS PARNASSIAN
Image_1357.jpg,ORANGE TIP
Image_1358.jpg,CAIRNS BIRDWING
Image_1359.jpg,EASTERN COMA
Image_1360.jpg,INDRA SWALLOW
Image_1361.jpg,PAPER KITE
Image_1362.jpg,BLACK HAIRSTREAK
Image_1363.jpg,ORANGE TIP
Image_1364.jpg,SOOTYWING
Image_1365.jpg,CRIMSON PATCH
Image_1366.jpg,STRAITED QUEEN
Image_1367.jpg,PINE WHITE
Image_1368.jpg,POPINJAY
Image_1369.jpg,MANGROVE SKIPPER
Image_1370.jpg,CLODIUS PARNASSIAN
Image_1371.jpg,SILVER SPOT SKIPPER
Image_1372.jpg,RED CRACKER
Image_1373.jpg,DANAID EGGFLY
Image_1374.jpg,PEACOCK
Image_1375.jpg,PAPER KITE
Image_1376.jpg,AN 88
Image_1377.jpg,PAPER KITE
Image_1378.jpg,PAINTED LADY
Image_1379.jpg,GREAT EGGFLY
Image_1380.jpg,POPINJAY
Image_1381.jpg,SLEEPY ORANGE
Image_1382.jpg,BROWN SIPROETA
Image_1383.jpg,EASTERN DAPPLE WHITE
Image_1384.jpg,GREAT JAY
Image_1385.jpg,PURPLE HAIRSTREAK
Image_1386.jpg,PEACOCK
Image_1387.jpg,TWO BARRED FLASHER
Image_1388.jpg,GREAT JAY
Image_1389.jpg,COMMON BANDED AWL
Image_1390.jpg,AN 88
Image_1391.jpg,JULIA
Image_1392.jpg,ELBOWED PIERROT
Image_1393.jpg,BLUE SPOTTED CROW
Image_1394.jpg,INDRA SWALLOW
Image_1395.jpg,GREAT JAY
Image_1396.jpg,PINE WHITE
Image_1397.jpg,CHESTNUT
Image_1398.jpg,GREY HAIRSTREAK
Image_1399.jpg,JULIA
Image_1400.jpg,ZEBRA LONG WING
Image_1401.jpg,SOUTHERN DOGFACE
Image_1402.jpg,DANAID EGGFLY
Image_1403.jpg,SOOTYWING
Image_1404.jpg,CABBAGE WHITE
Image_1405.jpg,PEACOCK
Image_1406.jpg,TWO BARRED FLASHER
Image_1407.jpg,MOURNING CLOAK
Image_1408.jpg,EASTERN DAPPLE WHITE
Image_1409.jpg,GREAT EGGFLY
Image_1410.jpg,ATALA
Image_1411.jpg,CLOUDED SULPHUR
Image_1412.jpg,RED ADMIRAL
Image_1413.jpg,EASTERN PINE ELFIN
Image_1414.jpg,RED ADMIRAL
Image_1415.jpg,ORANGE OAKLEAF
Image_1416.jpg,RED POSTMAN
Image_1417.jpg,APPOLLO
Image_1418.jpg,WOOD SATYR
Image_1419.jpg,ATALA
Image_1420.jpg,COMMON WOOD-NYMPH
Image_1421.jpg,GREY HAIRSTREAK
Image_1422.jpg,BROWN SIPROETA
Image_1423.jpg,JULIA
Image_1424.jpg,BLACK HAIRSTREAK
Image_1425.jpg,BLACK HAIRSTREAK
Image_1426.jpg,RED POSTMAN
Image_1427.jpg,CAIRNS BIRDWING
Image_1428.jpg,RED SPOTTED PURPLE
Image_1429.jpg,CLODIUS PARNASSIAN
Image_1430.jpg,BROWN SIPROETA
Image_1431.jpg,STRAITED QUEEN
Image_1432.jpg,SLEEPY ORANGE
Image_1433.jpg,POPINJAY
Image_1434.jpg,COMMON WOOD-NYMPH
Image_1435.jpg,CLEOPATRA
Image_1436.jpg,PURPLE HAIRSTREAK
Image_1437.jpg,AMERICAN SNOOT
Image_1438.jpg,COMMON BANDED AWL
Image_1439.jpg,MALACHITE
Image_1440.jpg,JULIA
Image_1441.jpg,CAIRNS BIRDWING
Image_1442.jpg,ATALA
Image_1443.jpg,SILVER SPOT SKIPPER
Image_1444.jpg,COPPER TAIL
Image_1445.jpg,PAINTED LADY
Image_1446.jpg,SILVER SPOT SKIPPER
Image_1447.jpg,RED POSTMAN
Image_1448.jpg,PAPER KITE
Image_1449.jpg,MOURNING CLOAK
Image_1450.jpg,SLEEPY ORANGE
Image_1451.jpg,APPOLLO
Image_1452.jpg,DANAID EGGFLY
Image_1453.jpg,CRIMSON PATCH
Image_1454.jpg,MONARCH
Image_1455.jpg,PAPER KITE
Image_1456.jpg,LARGE MARBLE
Image_1457.jpg,ORANGE OAKLEAF
Image_1458.jpg,CLODIUS PARNASSIAN
Image_1459.jpg,ADONIS
Image_1460.jpg,SOUTHERN DOGFACE
Image_1461.jpg,GREY HAIRSTREAK
Image_1462.jpg,ORANGE OAKLEAF
Image_1463.jpg,ATALA
Image_1464.jpg,TROPICAL LEAFWING
Image_1465.jpg,PURPLISH COPPER
Image_1466.jpg,CRECENT
Image_1467.jpg,VICEROY
Image_1468.jpg,RED ADMIRAL
Image_1469.jpg,ATALA
Image_1470.jpg,CLODIUS PARNASSIAN
Image_1471.jpg,AMERICAN SNOOT
Image_1472.jpg,ADONIS
Image_1473.jpg,COMMON BANDED AWL
Image_1474.jpg,ELBOWED PIERROT
Image_1475.jpg,MESTRA
Image_1476.jpg,MESTRA
Image_1477.jpg,CLEOPATRA
Image_1478.jpg,SOOTYWING
Image_1479.jpg,PURPLE HAIRSTREAK
Image_1480.jpg,BLACK HAIRSTREAK
Image_1481.jpg,RED ADMIRAL
Image_1482.jpg,CAIRNS BIRDWING
Image_1483.jpg,POPINJAY
Image_1484.jpg,MILBERTS TORTOISESHELL
Image_1485.jpg,GREY HAIRSTREAK
Image_1486.jpg,AN 88
Image_1487.jpg,EASTERN COMA
Image_1488.jpg,AN 88
Image_1489.jpg,BANDED ORANGE HELICONIAN
Image_1490.jpg,YELLOW SWALLOW TAIL
Image_1491.jpg,MONARCH
Image_1492.jpg,SOUTHERN DOGFACE
Image_1493.jpg,IPHICLUS SISTER
Image_1494.jpg,CLEOPATRA
Image_1495.jpg,MOURNING CLOAK
Image_1496.jpg,CRECENT
Image_1497.jpg,ULYSES
Image_1498.jpg,CRECENT
Image_1499.jpg,CAIRNS BIRDWING
Image_1500.jpg,DANAID EGGFLY
Image_1501.jpg,PURPLE HAIRSTREAK
Image_1502.jpg,ELBOWED PIERROT
Image_1503.jpg,RED CRACKER
Image_1504.jpg,PURPLE HAIRSTREAK
Image_1505.jpg,RED CRACKER
Image_1506.jpg,GREEN CELLED CATTLEHEART
Image_1507.jpg,CABBAGE WHITE
Image_1508.jpg,PIPEVINE SWALLOW
Image_1509.jpg,GREAT EGGFLY
Image_1510.jpg,ORANGE OAKLEAF
Image_1511.jpg,AMERICAN SNOOT
Image_1512.jpg,ZEBRA LONG WING
Image_1513.jpg,CLODIUS PARNASSIAN
Image_1514.jpg,EASTERN COMA
Image_1515.jpg,CRIMSON PATCH
Image_1516.jpg,GOLD BANDED
Image_1517.jpg,SOOTYWING
Image_1518.jpg,VICEROY
Image_1519.jpg,PIPEVINE SWALLOW
Image_1520.jpg,ORANGE OAKLEAF
Image_1521.jpg,MALACHITE
Image_1522.jpg,METALMARK
Image_1523.jpg,RED CRACKER
Image_1524.jpg,CLEOPATRA
Image_1525.jpg,ULYSES
Image_1526.jpg,SOOTYWING
Image_1527.jpg,LARGE MARBLE
Image_1528.jpg,MOURNING CLOAK
Image_1529.jpg,METALMARK
Image_1530.jpg,SOUTHERN DOGFACE
Image_1531.jpg,MILBERTS TORTOISESHELL
Image_1532.jpg,ORANGE TIP
Image_1533.jpg,CHECQUERED SKIPPER
Image_1534.jpg,SOOTYWING
Image_1535.jpg,ELBOWED PIERROT
Image_1536.jpg,PINE WHITE
Image_1537.jpg,ORANGE TIP
Image_1538.jpg,MALACHITE
Image_1539.jpg,POPINJAY
Image_1540.jpg,AN 88
Image_1541.jpg,SCARCE SWALLOW
Image_1542.jpg,AN 88
Image_1543.jpg,BANDED PEACOCK
Image_1544.jpg,BLUE MORPHO
Image_1545.jpg,METALMARK
Image_1546.jpg,MANGROVE SKIPPER
Image_1547.jpg,RED POSTMAN
Image_1548.jpg,INDRA SWALLOW
Image_1549.jpg,RED CRACKER
Image_1550.jpg,GOLD BANDED
Image_1551.jpg,BROWN SIPROETA
Image_1552.jpg,PURPLISH COPPER
Image_1553.jpg,BANDED PEACOCK
Image_1554.jpg,ELBOWED PIERROT
Image_1555.jpg,METALMARK
Image_1556.jpg,PURPLE HAIRSTREAK
Image_1557.jpg,MILBERTS TORTOISESHELL
Image_1558.jpg,BLACK HAIRSTREAK
Image_1559.jpg,CRECENT
Image_1560.jpg,MOURNING CLOAK
Image_1561.jpg,INDRA SWALLOW
Image_1562.jpg,BANDED ORANGE HELICONIAN
Image_1563.jpg,PIPEVINE SWALLOW
Image_1564.jpg,EASTERN COMA
Image_1565.jpg,BLACK HAIRSTREAK
Image_1566.jpg,AMERICAN SNOOT
Image_1567.jpg,PIPEVINE SWALLOW
Image_1568.jpg,METALMARK
Image_1569.jpg,AN 88
Image_1570.jpg,EASTERN PINE ELFIN
Image_1571.jpg,PIPEVINE SWALLOW
Image_1572.jpg,STRAITED QUEEN
Image_1573.jpg,POPINJAY
Image_1574.jpg,MANGROVE SKIPPER
Image_1575.jpg,METALMARK
Image_1576.jpg,BLACK HAIRSTREAK
Image_1577.jpg,SOOTYWING
Image_1578.jpg,ORCHARD SWALLOW
Image_1579.jpg,PEACOCK
Image_1580.jpg,BLACK HAIRSTREAK
Image_1581.jpg,ATALA
Image_1582.jpg,ORANGE OAKLEAF
Image_1583.jpg,RED ADMIRAL
Image_1584.jpg,SOUTHERN DOGFACE
Image_1585.jpg,PIPEVINE SWALLOW
Image_1586.jpg,CHESTNUT
Image_1587.jpg,VICEROY
Image_1588.jpg,POPINJAY
Image_1589.jpg,AFRICAN GIANT SWALLOWTAIL
Image_1590.jpg,METALMARK
Image_1591.jpg,PAINTED LADY
Image_1592.jpg,STRAITED QUEEN
Image_1593.jpg,CLOUDED SULPHUR
Image_1594.jpg,AFRICAN GIANT SWALLOWTAIL
Image_1595.jpg,RED SPOTTED PURPLE
Image_1596.jpg,GOLD BANDED
Image_1597.jpg,CABBAGE WHITE
Image_1598.jpg,ORANGE OAKLEAF
Image_1599.jpg,MOURNING CLOAK
Image_1600.jpg,SOOTYWING
Image_1601.jpg,APPOLLO
Image_1602.jpg,LARGE MARBLE
Image_1603.jpg,ORANGE TIP
Image_1604.jpg,DANAID EGGFLY
Image_1605.jpg,METALMARK
Image_1606.jpg,ZEBRA LONG WING
Image_1607.jpg,RED ADMIRAL
Image_1608.jpg,PIPEVINE SWALLOW
Image_1609.jpg,BROWN SIPROETA
Image_1610.jpg,ATALA
Image_1611.jpg,CRIMSON PATCH
Image_1612.jpg,CRECENT
Image_1613.jpg,SOUTHERN DOGFACE
Image_1614.jpg,RED CRACKER
Image_1615.jpg,SCARCE SWALLOW
Image_1616.jpg,SOUTHERN DOGFACE
Image_1617.jpg,PIPEVINE SWALLOW
Image_1618.jpg,EASTERN DAPPLE WHITE
Image_1619.jpg,VICEROY
Image_1620.jpg,PIPEVINE SWALLOW
Image_1621.jpg,COMMON BANDED AWL
Image_1622.jpg,COMMON BANDED AWL
Image_1623.jpg,BLACK HAIRSTREAK
Image_1624.jpg,ORCHARD SWALLOW
Image_1625.jpg,METALMARK
Image_1626.jpg,CHECQUERED SKIPPER
Image_1627.jpg,BANDED PEACOCK
Image_1628.jpg,PURPLE HAIRSTREAK
Image_1629.jpg,BLUE SPOTTED CROW
Image_1630.jpg,ATALA
Image_1631.jpg,COMMON WOOD-NYMPH
Image_1632.jpg,COMMON BANDED AWL
Image_1633.jpg,SLEEPY ORANGE
Image_1634.jpg,AN 88
Image_1635.jpg,PAPER KITE
Image_1636.jpg,AFRICAN GIANT SWALLOWTAIL
Image_1637.jpg,BANDED ORANGE HELICONIAN
Image_1638.jpg,YELLOW SWALLOW TAIL
Image_1639.jpg,CLEOPATRA
Image_1640.jpg,WOOD SATYR
Image_1641.jpg,INDRA SWALLOW
Image_1642.jpg,ORANGE TIP
Image_1643.jpg,MESTRA
Image_1644.jpg,EASTERN COMA
Image_1645.jpg,TWO BARRED FLASHER
Image_1646.jpg,ORANGE OAKLEAF
Image_1647.jpg,JULIA
Image_1648.jpg,BANDED PEACOCK
Image_1649.jpg,CHECQUERED SKIPPER
Image_1650.jpg,ORANGE TIP
Image_1651.jpg,ADONIS
Image_1652.jpg,MONARCH
Image_1653.jpg,SILVER SPOT SKIPPER
Image_1654.jpg,GREAT EGGFLY
Image_1655.jpg,POPINJAY
Image_1656.jpg,CLOUDED SULPHUR
Image_1657.jpg,RED CRACKER
Image_1658.jpg,MALACHITE
Image_1659.jpg,RED SPOTTED PURPLE
Image_1660.jpg,PAINTED LADY
Image_1661.jpg,CLEOPATRA
Image_1662.jpg,GREAT EGGFLY
Image_1663.jpg,YELLOW SWALLOW TAIL
Image_1664.jpg,VICEROY
Image_1665.jpg,TWO BARRED FLASHER
Image_1666.jpg,AFRICAN GIANT SWALLOWTAIL
Image_1667.jpg,GREAT EGGFLY
Image_1668.jpg,STRAITED QUEEN
Image_1669.jpg,CHESTNUT
Image_1670.jpg,BECKERS WHITE
Image_1671.jpg,ATALA
Image_1672.jpg,CAIRNS BIRDWING
Image_1673.jpg,MANGROVE SKIPPER
Image_1674.jpg,RED ADMIRAL
Image_1675.jpg,CHECQUERED SKIPPER
Image_1676.jpg,PIPEVINE SWALLOW
Image_1677.jpg,ORCHARD SWALLOW
Image_1678.jpg,AFRICAN GIANT SWALLOWTAIL
Image_1679.jpg,CHESTNUT
Image_1680.jpg,SOUTHERN DOGFACE
Image_1681.jpg,MOURNING CLOAK
Image_1682.jpg,CHECQUERED SKIPPER
Image_1683.jpg,RED ADMIRAL
Image_1684.jpg,WOOD SATYR
Image_1685.jpg,STRAITED QUEEN
Image_1686.jpg,MANGROVE SKIPPER
Image_1687.jpg,RED POSTMAN
Image_1688.jpg,GREAT JAY
Image_1689.jpg,GREAT JAY
Image_1690.jpg,CLODIUS PARNASSIAN
Image_1691.jpg,MOURNING CLOAK
Image_1692.jpg,COPPER TAIL
Image_1693.jpg,AFRICAN GIANT SWALLOWTAIL
Image_1694.jpg,CHECQUERED SKIPPER
Image_1695.jpg,MESTRA
Image_1696.jpg,RED SPOTTED PURPLE
Image_1697.jpg,SOOTYWING
Image_1698.jpg,BLUE SPOTTED CROW
Image_1699.jpg,CLOUDED SULPHUR
Image_1700.jpg,INDRA SWALLOW
Image_1701.jpg,RED POSTMAN
Image_1702.jpg,TROPICAL LEAFWING
Image_1703.jpg,INDRA SWALLOW
Image_1704.jpg,PEACOCK
Image_1705.jpg,ADONIS
Image_1706.jpg,ATALA
Image_1707.jpg,ORANGE TIP
Image_1708.jpg,BLACK HAIRSTREAK
Image_1709.jpg,WOOD SATYR
Image_1710.jpg,CAIRNS BIRDWING
Image_1711.jpg,TROPICAL LEAFWING
Image_1712.jpg,POPINJAY
Image_1713.jpg,ADONIS
Image_1714.jpg,POPINJAY
Image_1715.jpg,BROWN SIPROETA
Image_1716.jpg,CRECENT
Image_1717.jpg,PAPER KITE
Image_1718.jpg,MANGROVE SKIPPER
Image_1719.jpg,MOURNING CLOAK
Image_1720.jpg,METALMARK
Image_1721.jpg,MOURNING CLOAK
Image_1722.jpg,CHECQUERED SKIPPER
Image_1723.jpg,AFRICAN GIANT SWALLOWTAIL
Image_1724.jpg,BECKERS WHITE
Image_1725.jpg,PIPEVINE SWALLOW
Image_1726.jpg,MANGROVE SKIPPER
Image_1727.jpg,LARGE MARBLE
Image_1728.jpg,SLEEPY ORANGE
Image_1729.jpg,POPINJAY
Image_1730.jpg,CHESTNUT
Image_1731.jpg,RED SPOTTED PURPLE
Image_1732.jpg,ATALA
Image_1733.jpg,MOURNING CLOAK
Image_1734.jpg,RED ADMIRAL
Image_1735.jpg,ADONIS
Image_1736.jpg,BLACK HAIRSTREAK
Image_1737.jpg,COMMON BANDED AWL
Image_1738.jpg,GREEN CELLED CATTLEHEART
Image_1739.jpg,ORANGE TIP
Image_1740.jpg,AFRICAN GIANT SWALLOWTAIL
Image_1741.jpg,MOURNING CLOAK
Image_1742.jpg,MOURNING CLOAK
Image_1743.jpg,RED CRACKER
Image_1744.jpg,METALMARK
Image_1745.jpg,MANGROVE SKIPPER
Image_1746.jpg,BLUE SPOTTED CROW
Image_1747.jpg,PIPEVINE SWALLOW
Image_1748.jpg,PAPER KITE
Image_1749.jpg,SOOTYWING
Image_1750.jpg,MANGROVE SKIPPER
Image_1751.jpg,ATALA
Image_1752.jpg,JULIA
Image_1753.jpg,RED CRACKER
Image_1754.jpg,PIPEVINE SWALLOW
Image_1755.jpg,DANAID EGGFLY
Image_1756.jpg,MILBERTS TORTOISESHELL
Image_1757.jpg,MESTRA
Image_1758.jpg,GREAT EGGFLY
Image_1759.jpg,PEACOCK
Image_1760.jpg,ATALA
Image_1761.jpg,METALMARK
Image_1762.jpg,TROPICAL LEAFWING
Image_1763.jpg,PINE WHITE
Image_1764.jpg,SCARCE SWALLOW
Image_1765.jpg,VICEROY
Image_1766.jpg,BANDED PEACOCK
Image_1767.jpg,GREY HAIRSTREAK
Image_1768.jpg,SILVER SPOT SKIPPER
Image_1769.jpg,PAPER KITE
Image_1770.jpg,GREEN CELLED CATTLEHEART
Image_1771.jpg,WOOD SATYR
Image_1772.jpg,BLUE SPOTTED CROW
Image_1773.jpg,PIPEVINE SWALLOW
Image_1774.jpg,PINE WHITE
Image_1775.jpg,ORANGE OAKLEAF
Image_1776.jpg,GOLD BANDED
Image_1777.jpg,PIPEVINE SWALLOW
Image_1778.jpg,PAINTED LADY
Image_1779.jpg,CRECENT
Image_1780.jpg,EASTERN COMA
Image_1781.jpg,ATALA
Image_1782.jpg,EASTERN DAPPLE WHITE
Image_1783.jpg,AN 88
Image_1784.jpg,ORANGE OAKLEAF
Image_1785.jpg,LARGE MARBLE
Image_1786.jpg,METALMARK
Image_1787.jpg,CRECENT
Image_1788.jpg,GREEN CELLED CATTLEHEART
Image_1789.jpg,MONARCH
Image_1790.jpg,EASTERN DAPPLE WHITE
Image_1791.jpg,IPHICLUS SISTER
Image_1792.jpg,RED ADMIRAL
Image_1793.jpg,ORANGE OAKLEAF
Image_1794.jpg,GREAT EGGFLY
Image_1795.jpg,MONARCH
Image_1796.jpg,PEACOCK
Image_1797.jpg,EASTERN DAPPLE WHITE
Image_1798.jpg,BANDED PEACOCK
Image_1799.jpg,SOUTHERN DOGFACE
Image_1800.jpg,SOOTYWING
Image_1801.jpg,GREEN CELLED CATTLEHEART
Image_1802.jpg,SOOTYWING
Image_1803.jpg,EASTERN PINE ELFIN
Image_1804.jpg,MONARCH
Image_1805.jpg,PEACOCK
Image_1806.jpg,CLOUDED SULPHUR
Image_1807.jpg,CRIMSON PATCH
Image_1808.jpg,BROWN SIPROETA
Image_1809.jpg,BECKERS WHITE
Image_1810.jpg,RED POSTMAN
Image_1811.jpg,RED CRACKER
Image_1812.jpg,TROPICAL LEAFWING
Image_1813.jpg,RED SPOTTED PURPLE
Image_1814.jpg,ORANGE OAKLEAF
Image_1815.jpg,SOUTHERN DOGFACE
Image_1816.jpg,MANGROVE SKIPPER
Image_1817.jpg,IPHICLUS SISTER
Image_1818.jpg,EASTERN DAPPLE WHITE
Image_1819.jpg,SLEEPY ORANGE
Image_1820.jpg,RED ADMIRAL
Image_1821.jpg,GREAT EGGFLY
Image_1822.jpg,RED SPOTTED PURPLE
Image_1823.jpg,ORANGE OAKLEAF
Image_1824.jpg,RED CRACKER
Image_1825.jpg,EASTERN PINE ELFIN
Image_1826.jpg,MALACHITE
Image_1827.jpg,PAPER KITE
Image_1828.jpg,GREY HAIRSTREAK
Image_1829.jpg,ELBOWED PIERROT
Image_1830.jpg,PIPEVINE SWALLOW
Image_1831.jpg,SOUTHERN DOGFACE
Image_1832.jpg,POPINJAY
Image_1833.jpg,SOOTYWING
Image_1834.jpg,AN 88
Image_1835.jpg,GOLD BANDED
Image_1836.jpg,CHECQUERED SKIPPER
Image_1837.jpg,AN 88
Image_1838.jpg,GOLD BANDED
Image_1839.jpg,COMMON WOOD-NYMPH
Image_1840.jpg,SOUTHERN DOGFACE
Image_1841.jpg,BROWN SIPROETA
Image_1842.jpg,EASTERN DAPPLE WHITE
Image_1843.jpg,STRAITED QUEEN
Image_1844.jpg,SLEEPY ORANGE
Image_1845.jpg,AN 88
Image_1846.jpg,ULYSES
Image_1847.jpg,CLEOPATRA
Image_1848.jpg,RED SPOTTED PURPLE
Image_1849.jpg,BLUE MORPHO
Image_1850.jpg,GREY HAIRSTREAK
Image_1851.jpg,CHESTNUT
Image_1852.jpg,COMMON BANDED AWL
Image_1853.jpg,METALMARK
Image_1854.jpg,ORANGE OAKLEAF
Image_1855.jpg,RED CRACKER
Image_1856.jpg,GREEN CELLED CATTLEHEART
Image_1857.jpg,INDRA SWALLOW
Image_1858.jpg,MANGROVE SKIPPER
Image_1859.jpg,MONARCH
Image_1860.jpg,APPOLLO
Image_1861.jpg,RED SPOTTED PURPLE
Image_1862.jpg,ORANGE OAKLEAF
Image_1863.jpg,JULIA
Image_1864.jpg,MONARCH
Image_1865.jpg,BECKERS WHITE
Image_1866.jpg,TWO BARRED FLASHER
Image_1867.jpg,ADONIS
Image_1868.jpg,GREAT JAY
Image_1869.jpg,RED POSTMAN
Image_1870.jpg,CHECQUERED SKIPPER
Image_1871.jpg,GREEN CELLED CATTLEHEART
Image_1872.jpg,MOURNING CLOAK
Image_1873.jpg,STRAITED QUEEN
Image_1874.jpg,ORCHARD SWALLOW
Image_1875.jpg,AFRICAN GIANT SWALLOWTAIL
Image_1876.jpg,ZEBRA LONG WING
Image_1877.jpg,ORANGE TIP
Image_1878.jpg,PURPLISH COPPER
Image_1879.jpg,APPOLLO
Image_1880.jpg,YELLOW SWALLOW TAIL
Image_1881.jpg,MALACHITE
Image_1882.jpg,ELBOWED PIERROT
Image_1883.jpg,POPINJAY
Image_1884.jpg,SLEEPY ORANGE
Image_1885.jpg,TROPICAL LEAFWING
Image_1886.jpg,SOOTYWING
Image_1887.jpg,SLEEPY ORANGE
Image_1888.jpg,CHECQUERED SKIPPER
Image_1889.jpg,ORANGE OAKLEAF
Image_1890.jpg,CLOUDED SULPHUR
Image_1891.jpg,TROPICAL LEAFWING
Image_1892.jpg,GOLD BANDED
Image_1893.jpg,SOUTHERN DOGFACE
Image_1894.jpg,ATALA
Image_1895.jpg,POPINJAY
Image_1896.jpg,GREY HAIRSTREAK
Image_1897.jpg,SLEEPY ORANGE
Image_1898.jpg,MALACHITE
Image_1899.jpg,BLUE SPOTTED CROW
Image_1900.jpg,EASTERN COMA
Image_1901.jpg,VICEROY
Image_1902.jpg,BANDED ORANGE HELICONIAN
Image_1903.jpg,CRIMSON PATCH
Image_1904.jpg,CRIMSON PATCH
Image_1905.jpg,BANDED ORANGE HELICONIAN
Image_1906.jpg,RED SPOTTED PURPLE
Image_1907.jpg,WOOD SATYR
Image_1908.jpg,ELBOWED PIERROT
Image_1909.jpg,RED ADMIRAL
Image_1910.jpg,CLODIUS PARNASSIAN
Image_1911.jpg,BROWN SIPROETA
Image_1912.jpg,EASTERN COMA
Image_1913.jpg,MALACHITE
Image_1914.jpg,EASTERN DAPPLE WHITE
Image_1915.jpg,MALACHITE
Image_1916.jpg,GREEN CELLED CATTLEHEART
Image_1917.jpg,GREY HAIRSTREAK
Image_1918.jpg,YELLOW SWALLOW TAIL
Image_1919.jpg,AMERICAN SNOOT
Image_1920.jpg,RED CRACKER
Image_1921.jpg,BROWN SIPROETA
Image_1922.jpg,MESTRA
Image_1923.jpg,MANGROVE SKIPPER
Image_1924.jpg,MOURNING CLOAK
Image_1925.jpg,LARGE MARBLE
Image_1926.jpg,SOOTYWING
Image_1927.jpg,BLUE SPOTTED CROW
Image_1928.jpg,COMMON BANDED AWL
Image_1929.jpg,CHESTNUT
Image_1930.jpg,PURPLE HAIRSTREAK
Image_1931.jpg,GREAT EGGFLY
Image_1932.jpg,BLUE MORPHO
Image_1933.jpg,STRAITED QUEEN
Image_1934.jpg,APPOLLO
Image_1935.jpg,WOOD SATYR
Image_1936.jpg,EASTERN COMA
Image_1937.jpg,MALACHITE
Image_1938.jpg,SOUTHERN DOGFACE
Image_1939.jpg,AFRICAN GIANT SWALLOWTAIL
Image_1940.jpg,ADONIS
Image_1941.jpg,SOOTYWING
Image_1942.jpg,MALACHITE
Image_1943.jpg,ULYSES
Image_1944.jpg,GREY HAIRSTREAK
Image_1945.jpg,RED SPOTTED PURPLE
Image_1946.jpg,MESTRA
Image_1947.jpg,CHECQUERED SKIPPER
Image_1948.jpg,EASTERN DAPPLE WHITE
Image_1949.jpg,SCARCE SWALLOW
Image_1950.jpg,ORANGE OAKLEAF
Image_1951.jpg,CLEOPATRA
Image_1952.jpg,INDRA SWALLOW
Image_1953.jpg,MANGROVE SKIPPER
Image_1954.jpg,CRIMSON PATCH
Image_1955.jpg,MESTRA
Image_1956.jpg,MESTRA
Image_1957.jpg,INDRA SWALLOW
Image_1958.jpg,IPHICLUS SISTER
Image_1959.jpg,ATALA
Image_1960.jpg,COMMON WOOD-NYMPH
Image_1961.jpg,CABBAGE WHITE
Image_1962.jpg,RED CRACKER
Image_1963.jpg,COPPER TAIL
Image_1964.jpg,RED POSTMAN
Image_1965.jpg,ULYSES
Image_1966.jpg,RED SPOTTED PURPLE
Image_1967.jpg,ZEBRA LONG WING
Image_1968.jpg,PURPLE HAIRSTREAK
Image_1969.jpg,SOOTYWING
Image_1970.jpg,YELLOW SWALLOW TAIL
Image_1971.jpg,BANDED PEACOCK
Image_1972.jpg,RED POSTMAN
Image_1973.jpg,ELBOWED PIERROT
Image_1974.jpg,POPINJAY
Image_1975.jpg,PEACOCK
Image_1976.jpg,CRECENT
Image_1977.jpg,JULIA
Image_1978.jpg,SOUTHERN DOGFACE
Image_1979.jpg,PIPEVINE SWALLOW
Image_1980.jpg,BROWN SIPROETA
Image_1981.jpg,CAIRNS BIRDWING
Image_1982.jpg,PIPEVINE SWALLOW
Image_1983.jpg,INDRA SWALLOW
Image_1984.jpg,BROWN SIPROETA
Image_1985.jpg,INDRA SWALLOW
Image_1986.jpg,CHECQUERED SKIPPER
Image_1987.jpg,RED POSTMAN
Image_1988.jpg,ATALA
Image_1989.jpg,MESTRA
Image_1990.jpg,CRIMSON PATCH
Image_1991.jpg,GREY HAIRSTREAK
Image_1992.jpg,INDRA SWALLOW
Image_1993.jpg,POPINJAY
Image_1994.jpg,POPINJAY
Image_1995.jpg,PURPLISH COPPER
Image_1996.jpg,INDRA SWALLOW
Image_1997.jpg,INDRA SWALLOW
Image_1998.jpg,JULIA
Image_1999.jpg,INDRA SWALLOW
Image_2000.jpg,MILBERTS TORTOISESHELL
Image_2001.jpg,BECKERS WHITE
Image_2002.jpg,PEACOCK
Image_2003.jpg,MONARCH
Image_2004.jpg,EASTERN PINE ELFIN
Image_2005.jpg,AMERICAN SNOOT
Image_2006.jpg,PIPEVINE SWALLOW
Image_2007.jpg,ZEBRA LONG WING
Image_2008.jpg,RED SPOTTED PURPLE
Image_2009.jpg,CRIMSON PATCH
Image_2010.jpg,BROWN SIPROETA
Image_2011.jpg,PIPEVINE SWALLOW
Image_2012.jpg,MOURNING CLOAK
Image_2013.jpg,MONARCH
Image_2014.jpg,DANAID EGGFLY
Image_2015.jpg,INDRA SWALLOW
Image_2016.jpg,MALACHITE
Image_2017.jpg,RED POSTMAN
Image_2018.jpg,MOURNING CLOAK
Image_2019.jpg,LARGE MARBLE
Image_2020.jpg,JULIA
Image_2021.jpg,WOOD SATYR
Image_2022.jpg,BLACK HAIRSTREAK
Image_2023.jpg,JULIA
Image_2024.jpg,BLUE SPOTTED CROW
Image_2025.jpg,RED ADMIRAL
Image_2026.jpg,COMMON WOOD-NYMPH
Image_2027.jpg,EASTERN DAPPLE WHITE
Image_2028.jpg,MANGROVE SKIPPER
Image_2029.jpg,SCARCE SWALLOW
Image_2030.jpg,LARGE MARBLE
Image_2031.jpg,BANDED PEACOCK
Image_2032.jpg,ORANGE TIP
Image_2033.jpg,CAIRNS BIRDWING
Image_2034.jpg,TWO BARRED FLASHER
Image_2035.jpg,RED POSTMAN
Image_2036.jpg,EASTERN COMA
Image_2037.jpg,STRAITED QUEEN
Image_2038.jpg,GREEN CELLED CATTLEHEART
Image_2039.jpg,BANDED ORANGE HELICONIAN
Image_2040.jpg,POPINJAY
Image_2041.jpg,CLODIUS PARNASSIAN
Image_2042.jpg,ORANGE OAKLEAF
Image_2043.jpg,YELLOW SWALLOW TAIL
Image_2044.jpg,MILBERTS TORTOISESHELL
Image_2045.jpg,APPOLLO
Image_2046.jpg,CLOUDED SULPHUR
Image_2047.jpg,CRECENT
Image_2048.jpg,RED POSTMAN
Image_2049.jpg,PAINTED LADY
Image_2050.jpg,GREAT JAY
Image_2051.jpg,ADONIS
Image_2052.jpg,ORCHARD SWALLOW
Image_2053.jpg,CLOUDED SULPHUR
Image_2054.jpg,ELBOWED PIERROT
Image_2055.jpg,GREEN CELLED CATTLEHEART
Image_2056.jpg,CABBAGE WHITE
Image_2057.jpg,BROWN SIPROETA
Image_2058.jpg,ATALA
Image_2059.jpg,RED POSTMAN
Image_2060.jpg,APPOLLO
Image_2061.jpg,MANGROVE SKIPPER
Image_2062.jpg,SOUTHERN DOGFACE
Image_2063.jpg,PIPEVINE SWALLOW
Image_2064.jpg,RED SPOTTED PURPLE
Image_2065.jpg,STRAITED QUEEN
Image_2066.jpg,SOOTYWING
Image_2067.jpg,CHECQUERED SKIPPER
Image_2068.jpg,SCARCE SWALLOW
Image_2069.jpg,TWO BARRED FLASHER
Image_2070.jpg,RED SPOTTED PURPLE
Image_2071.jpg,POPINJAY
Image_2072.jpg,RED ADMIRAL
Image_2073.jpg,AFRICAN GIANT SWALLOWTAIL
Image_2074.jpg,GREEN CELLED CATTLEHEART
Image_2075.jpg,MALACHITE
Image_2076.jpg,GREAT JAY
Image_2077.jpg,INDRA SWALLOW
Image_2078.jpg,PIPEVINE SWALLOW
Image_2079.jpg,GREEN CELLED CATTLEHEART
Image_2080.jpg,MOURNING CLOAK
Image_2081.jpg,AMERICAN SNOOT
Image_2082.jpg,GREY HAIRSTREAK
Image_2083.jpg,PAPER KITE
Image_2084.jpg,ATALA
Image_2085.jpg,EASTERN COMA
Image_2086.jpg,CRECENT
Image_2087.jpg,RED SPOTTED PURPLE
Image_2088.jpg,RED SPOTTED PURPLE
Image_2089.jpg,ELBOWED PIERROT
Image_2090.jpg,RED CRACKER
Image_2091.jpg,GOLD BANDED
Image_2092.jpg,PAPER KITE
Image_2093.jpg,RED ADMIRAL
Image_2094.jpg,RED ADMIRAL
Image_2095.jpg,ORANGE TIP
Image_2096.jpg,METALMARK
Image_2097.jpg,EASTERN PINE ELFIN
Image_2098.jpg,PURPLISH COPPER
Image_2099.jpg,COMMON BANDED AWL
Image_2100.jpg,BROWN SIPROETA
Image_2101.jpg,GREEN CELLED CATTLEHEART
Image_2102.jpg,SOOTYWING
Image_2103.jpg,STRAITED QUEEN
Image_2104.jpg,BECKERS WHITE
Image_2105.jpg,ELBOWED PIERROT
Image_2106.jpg,MOURNING CLOAK
Image_2107.jpg,TROPICAL LEAFWING
Image_2108.jpg,MOURNING CLOAK
Image_2109.jpg,IPHICLUS SISTER
Image_2110.jpg,ORCHARD SWALLOW
Image_2111.jpg,RED POSTMAN
Image_2112.jpg,CHECQUERED SKIPPER
Image_2113.jpg,CRIMSON PATCH
Image_2114.jpg,COMMON WOOD-NYMPH
Image_2115.jpg,BLACK HAIRSTREAK
Image_2116.jpg,CLODIUS PARNASSIAN
Image_2117.jpg,GREEN CELLED CATTLEHEART
Image_2118.jpg,GREAT EGGFLY
Image_2119.jpg,ORANGE TIP
Image_2120.jpg,AFRICAN GIANT SWALLOWTAIL
Image_2121.jpg,AMERICAN SNOOT
Image_2122.jpg,ZEBRA LONG WING
Image_2123.jpg,CRIMSON PATCH
Image_2124.jpg,LARGE MARBLE
Image_2125.jpg,SOUTHERN DOGFACE
Image_2126.jpg,GREAT JAY
Image_2127.jpg,CLOUDED SULPHUR
Image_2128.jpg,YELLOW SWALLOW TAIL
Image_2129.jpg,BLUE MORPHO
Image_2130.jpg,PURPLISH COPPER
Image_2131.jpg,POPINJAY
Image_2132.jpg,GREAT JAY
Image_2133.jpg,EASTERN COMA
Image_2134.jpg,CLOUDED SULPHUR
Image_2135.jpg,CHESTNUT
Image_2136.jpg,GREY HAIRSTREAK
Image_2137.jpg,VICEROY
Image_2138.jpg,PEACOCK
Image_2139.jpg,ORANGE TIP
Image_2140.jpg,WOOD SATYR
Image_2141.jpg,MESTRA
Image_2142.jpg,MOURNING CLOAK
Image_2143.jpg,GREY HAIRSTREAK
Image_2144.jpg,COMMON WOOD-NYMPH
Image_2145.jpg,PAINTED LADY
Image_2146.jpg,PEACOCK
Image_2147.jpg,EASTERN COMA
Image_2148.jpg,MESTRA
Image_2149.jpg,MONARCH
Image_2150.jpg,CABBAGE WHITE
Image_2151.jpg,MOURNING CLOAK
Image_2152.jpg,RED SPOTTED PURPLE
Image_2153.jpg,GREY HAIRSTREAK
Image_2154.jpg,GREEN CELLED CATTLEHEART
Image_2155.jpg,MANGROVE SKIPPER
Image_2156.jpg,YELLOW SWALLOW TAIL
Image_2157.jpg,SOOTYWING
Image_2158.jpg,GREAT EGGFLY
Image_2159.jpg,BROWN SIPROETA
Image_2160.jpg,STRAITED QUEEN
Image_2161.jpg,PINE WHITE
Image_2162.jpg,AMERICAN SNOOT
Image_2163.jpg,GREAT JAY
Image_2164.jpg,DANAID EGGFLY
Image_2165.jpg,AN 88
Image_2166.jpg,MOURNING CLOAK
Image_2167.jpg,ORANGE TIP
Image_2168.jpg,PAINTED LADY
Image_2169.jpg,RED CRACKER
Image_2170.jpg,IPHICLUS SISTER
Image_2171.jpg,MALACHITE
Image_2172.jpg,ADONIS
Image_2173.jpg,MOURNING CLOAK
Image_2174.jpg,ORANGE TIP
Image_2175.jpg,RED SPOTTED PURPLE
Image_2176.jpg,ATALA
Image_2177.jpg,PAPER KITE
Image_2178.jpg,BECKERS WHITE
Image_2179.jpg,EASTERN COMA
Image_2180.jpg,EASTERN COMA
Image_2181.jpg,CRIMSON PATCH
Image_2182.jpg,PEACOCK
Image_2183.jpg,RED ADMIRAL
Image_2184.jpg,PURPLISH COPPER
Image_2185.jpg,ADONIS
Image_2186.jpg,BLACK HAIRSTREAK
Image_2187.jpg,PIPEVINE SWALLOW
Image_2188.jpg,AFRICAN GIANT SWALLOWTAIL
Image_2189.jpg,MANGROVE SKIPPER
Image_2190.jpg,GREY HAIRSTREAK
Image_2191.jpg,RED ADMIRAL
Image_2192.jpg,PAPER KITE
Image_2193.jpg,MANGROVE SKIPPER
Image_2194.jpg,CABBAGE WHITE
Image_2195.jpg,JULIA
Image_2196.jpg,DANAID EGGFLY
Image_2197.jpg,MONARCH
Image_2198.jpg,PINE WHITE
Image_2199.jpg,MALACHITE
Image_2200.jpg,BLACK HAIRSTREAK
Image_2201.jpg,PINE WHITE
Image_2202.jpg,SILVER SPOT SKIPPER
Image_2203.jpg,RED ADMIRAL
Image_2204.jpg,BROWN SIPROETA
Image_2205.jpg,COMMON WOOD-NYMPH
Image_2206.jpg,PEACOCK
Image_2207.jpg,PAPER KITE
Image_2208.jpg,METALMARK
Image_2209.jpg,MILBERTS TORTOISESHELL
Image_2210.jpg,BLUE SPOTTED CROW
Image_2211.jpg,ATALA
Image_2212.jpg,ORCHARD SWALLOW
Image_2213.jpg,BLACK HAIRSTREAK
Image_2214.jpg,MANGROVE SKIPPER
Image_2215.jpg,PAPER KITE
Image_2216.jpg,CABBAGE WHITE
Image_2217.jpg,METALMARK
Image_2218.jpg,EASTERN COMA
Image_2219.jpg,PAPER KITE
Image_2220.jpg,RED SPOTTED PURPLE
Image_2221.jpg,ADONIS
Image_2222.jpg,YELLOW SWALLOW TAIL
Image_2223.jpg,PAINTED LADY
Image_2224.jpg,GREAT EGGFLY
Image_2225.jpg,MALACHITE
Image_2226.jpg,TWO BARRED FLASHER
Image_2227.jpg,RED ADMIRAL
Image_2228.jpg,POPINJAY
Image_2229.jpg,BECKERS WHITE
Image_2230.jpg,CRECENT
Image_2231.jpg,STRAITED QUEEN
Image_2232.jpg,BLACK HAIRSTREAK
Image_2233.jpg,CABBAGE WHITE
Image_2234.jpg,DANAID EGGFLY
Image_2235.jpg,PIPEVINE SWALLOW
Image_2236.jpg,EASTERN DAPPLE WHITE
Image_2237.jpg,ORANGE TIP
Image_2238.jpg,SOOTYWING
Image_2239.jpg,JULIA
Image_2240.jpg,MONARCH
Image_2241.jpg,GREEN CELLED CATTLEHEART
Image_2242.jpg,GREAT JAY
Image_2243.jpg,YELLOW SWALLOW TAIL
Image_2244.jpg,CABBAGE WHITE
Image_2245.jpg,PIPEVINE SWALLOW
Image_2246.jpg,MONARCH
Image_2247.jpg,MONARCH
Image_2248.jpg,BLACK HAIRSTREAK
Image_2249.jpg,ATALA
Image_2250.jpg,CHECQUERED SKIPPER
Image_2251.jpg,BANDED PEACOCK
Image_2252.jpg,YELLOW SWALLOW TAIL
Image_2253.jpg,GREAT JAY
Image_2254.jpg,MANGROVE SKIPPER
Image_2255.jpg,BECKERS WHITE
Image_2256.jpg,MOURNING CLOAK
Image_2257.jpg,ORCHARD SWALLOW
Image_2258.jpg,RED POSTMAN
Image_2259.jpg,COMMON BANDED AWL
Image_2260.jpg,EASTERN DAPPLE WHITE
Image_2261.jpg,MALACHITE
Image_2262.jpg,ORANGE TIP
Image_2263.jpg,ZEBRA LONG WING
Image_2264.jpg,APPOLLO
Image_2265.jpg,BANDED ORANGE HELICONIAN
Image_2266.jpg,SOUTHERN DOGFACE
Image_2267.jpg,GREAT JAY
Image_2268.jpg,YELLOW SWALLOW TAIL
Image_2269.jpg,INDRA SWALLOW
Image_2270.jpg,COMMON BANDED AWL
Image_2271.jpg,SILVER SPOT SKIPPER
Image_2272.jpg,PINE WHITE
Image_2273.jpg,MANGROVE SKIPPER
Image_2274.jpg,BLUE SPOTTED CROW
Image_2275.jpg,ORANGE OAKLEAF
Image_2276.jpg,CABBAGE WHITE
Image_2277.jpg,CLOUDED SULPHUR
Image_2278.jpg,POPINJAY
Image_2279.jpg,ULYSES
Image_2280.jpg,GREAT EGGFLY
Image_2281.jpg,ORCHARD SWALLOW
Image_2282.jpg,ORANGE TIP
Image_2283.jpg,ORANGE OAKLEAF
Image_2284.jpg,JULIA
Image_2285.jpg,PURPLE HAIRSTREAK
Image_2286.jpg,CABBAGE WHITE
Image_2287.jpg,ADONIS
Image_2288.jpg,CHESTNUT
Image_2289.jpg,SCARCE SWALLOW
Image_2290.jpg,RED SPOTTED PURPLE
Image_2291.jpg,SOOTYWING
Image_2292.jpg,VICEROY
Image_2293.jpg,PAPER KITE
Image_2294.jpg,CAIRNS BIRDWING
Image_2295.jpg,MOURNING CLOAK
Image_2296.jpg,BROWN SIPROETA
Image_2297.jpg,ELBOWED PIERROT
Image_2298.jpg,ORANGE TIP
Image_2299.jpg,ORCHARD SWALLOW
Image_2300.jpg,APPOLLO
Image_2301.jpg,BLACK HAIRSTREAK
Image_2302.jpg,IPHICLUS SISTER
Image_2303.jpg,ORCHARD SWALLOW
Image_2304.jpg,EASTERN DAPPLE WHITE
Image_2305.jpg,CABBAGE WHITE
Image_2306.jpg,CABBAGE WHITE
Image_2307.jpg,TWO BARRED FLASHER
Image_2308.jpg,YELLOW SWALLOW TAIL
Image_2309.jpg,CLEOPATRA
Image_2310.jpg,BANDED ORANGE HELICONIAN
Image_2311.jpg,METALMARK
Image_2312.jpg,RED ADMIRAL
Image_2313.jpg,BLUE SPOTTED CROW
Image_2314.jpg,ORCHARD SWALLOW
Image_2315.jpg,PAPER KITE
Image_2316.jpg,SOOTYWING
Image_2317.jpg,PINE WHITE
Image_2318.jpg,GREAT EGGFLY
Image_2319.jpg,AFRICAN GIANT SWALLOWTAIL
Image_2320.jpg,POPINJAY
Image_2321.jpg,SLEEPY ORANGE
Image_2322.jpg,ADONIS
Image_2323.jpg,LARGE MARBLE
Image_2324.jpg,MALACHITE
Image_2325.jpg,BLUE SPOTTED CROW
Image_2326.jpg,BECKERS WHITE
Image_2327.jpg,RED ADMIRAL
Image_2328.jpg,SOOTYWING
Image_2329.jpg,SOUTHERN DOGFACE
Image_2330.jpg,ORCHARD SWALLOW
Image_2331.jpg,CABBAGE WHITE
Image_2332.jpg,ORANGE TIP
Image_2333.jpg,ORCHARD SWALLOW
Image_2334.jpg,MANGROVE SKIPPER
Image_2335.jpg,CLODIUS PARNASSIAN
Image_2336.jpg,EASTERN COMA
Image_2337.jpg,ATALA
Image_2338.jpg,CRECENT
Image_2339.jpg,PURPLE HAIRSTREAK
Image_2340.jpg,CLOUDED SULPHUR
Image_2341.jpg,COMMON WOOD-NYMPH
Image_2342.jpg,APPOLLO
Image_2343.jpg,POPINJAY
Image_2344.jpg,MALACHITE
Image_2345.jpg,SOOTYWING
Image_2346.jpg,EASTERN DAPPLE WHITE
Image_2347.jpg,AMERICAN SNOOT
Image_2348.jpg,MONARCH
Image_2349.jpg,SILVER SPOT SKIPPER
Image_2350.jpg,INDRA SWALLOW
Image_2351.jpg,APPOLLO
Image_2352.jpg,WOOD SATYR
Image_2353.jpg,METALMARK
Image_2354.jpg,AFRICAN GIANT SWALLOWTAIL
Image_2355.jpg,BLUE SPOTTED CROW
Image_2356.jpg,RED POSTMAN
Image_2357.jpg,SLEEPY ORANGE
Image_2358.jpg,GREAT EGGFLY
Image_2359.jpg,ZEBRA LONG WING
Image_2360.jpg,AFRICAN GIANT SWALLOWTAIL
Image_2361.jpg,IPHICLUS SISTER
Image_2362.jpg,TWO BARRED FLASHER
Image_2363.jpg,TROPICAL LEAFWING
Image_2364.jpg,BANDED ORANGE HELICONIAN
Image_2365.jpg,COMMON BANDED AWL
Image_2366.jpg,RED SPOTTED PURPLE
Image_2367.jpg,JULIA
Image_2368.jpg,EASTERN DAPPLE WHITE
Image_2369.jpg,POPINJAY
Image_2370.jpg,AFRICAN GIANT SWALLOWTAIL
Image_2371.jpg,CLODIUS PARNASSIAN
Image_2372.jpg,COMMON WOOD-NYMPH
Image_2373.jpg,APPOLLO
Image_2374.jpg,AFRICAN GIANT SWALLOWTAIL
Image_2375.jpg,MOURNING CLOAK
Image_2376.jpg,INDRA SWALLOW
Image_2377.jpg,JULIA
Image_2378.jpg,PAINTED LADY
Image_2379.jpg,CHECQUERED SKIPPER
Image_2380.jpg,ATALA
Image_2381.jpg,MESTRA
Image_2382.jpg,ORANGE OAKLEAF
Image_2383.jpg,SOUTHERN DOGFACE
Image_2384.jpg,WOOD SATYR
Image_2385.jpg,ADONIS
Image_2386.jpg,GREY HAIRSTREAK
Image_2387.jpg,CABBAGE WHITE
Image_2388.jpg,CABBAGE WHITE
Image_2389.jpg,EASTERN PINE ELFIN
Image_2390.jpg,BROWN SIPROETA
Image_2391.jpg,YELLOW SWALLOW TAIL
Image_2392.jpg,MOURNING CLOAK
Image_2393.jpg,ORCHARD SWALLOW
Image_2394.jpg,APPOLLO
Image_2395.jpg,TROPICAL LEAFWING
Image_2396.jpg,BANDED ORANGE HELICONIAN
Image_2397.jpg,POPINJAY
Image_2398.jpg,MOURNING CLOAK
Image_2399.jpg,SILVER SPOT SKIPPER
Image_2400.jpg,SOUTHERN DOGFACE
Image_2401.jpg,COMMON BANDED AWL
Image_2402.jpg,CLEOPATRA
Image_2403.jpg,BROWN SIPROETA
Image_2404.jpg,EASTERN DAPPLE WHITE
Image_2405.jpg,IPHICLUS SISTER
Image_2406.jpg,PIPEVINE SWALLOW
Image_2407.jpg,COMMON WOOD-NYMPH
Image_2408.jpg,CLODIUS PARNASSIAN
Image_2409.jpg,YELLOW SWALLOW TAIL
Image_2410.jpg,TWO BARRED FLASHER
Image_2411.jpg,SOUTHERN DOGFACE
Image_2412.jpg,ELBOWED PIERROT
Image_2413.jpg,COMMON WOOD-NYMPH
Image_2414.jpg,PAPER KITE
Image_2415.jpg,SOOTYWING
Image_2416.jpg,ZEBRA LONG WING
Image_2417.jpg,ATALA
Image_2418.jpg,ATALA
Image_2419.jpg,EASTERN DAPPLE WHITE
Image_2420.jpg,LARGE MARBLE
Image_2421.jpg,SILVER SPOT SKIPPER
Image_2422.jpg,ADONIS
Image_2423.jpg,BROWN SIPROETA
Image_2424.jpg,AN 88
Image_2425.jpg,GREAT EGGFLY
Image_2426.jpg,GOLD BANDED
Image_2427.jpg,CLOUDED SULPHUR
Image_2428.jpg,BLACK HAIRSTREAK
Image_2429.jpg,MOURNING CLOAK
Image_2430.jpg,APPOLLO
Image_2431.jpg,YELLOW SWALLOW TAIL
Image_2432.jpg,GREEN CELLED CATTLEHEART
Image_2433.jpg,BLUE SPOTTED CROW
Image_2434.jpg,CLEOPATRA
Image_2435.jpg,MANGROVE SKIPPER
Image_2436.jpg,METALMARK
Image_2437.jpg,SOOTYWING
Image_2438.jpg,MOURNING CLOAK
Image_2439.jpg,RED ADMIRAL
Image_2440.jpg,CAIRNS BIRDWING
Image_2441.jpg,ELBOWED PIERROT
Image_2442.jpg,METALMARK
Image_2443.jpg,PAINTED LADY
Image_2444.jpg,BANDED ORANGE HELICONIAN
Image_2445.jpg,RED SPOTTED PURPLE
Image_2446.jpg,ELBOWED PIERROT
Image_2447.jpg,JULIA
Image_2448.jpg,AN 88
Image_2449.jpg,GREEN CELLED CATTLEHEART
Image_2450.jpg,AFRICAN GIANT SWALLOWTAIL
Image_2451.jpg,METALMARK
Image_2452.jpg,PEACOCK
Image_2453.jpg,COMMON BANDED AWL
Image_2454.jpg,ELBOWED PIERROT
Image_2455.jpg,GREAT EGGFLY
Image_2456.jpg,ORANGE TIP
Image_2457.jpg,RED ADMIRAL
Image_2458.jpg,PEACOCK
Image_2459.jpg,PIPEVINE SWALLOW
Image_2460.jpg,MOURNING CLOAK
Image_2461.jpg,MONARCH
Image_2462.jpg,RED POSTMAN
Image_2463.jpg,LARGE MARBLE
Image_2464.jpg,CRIMSON PATCH
Image_2465.jpg,PAINTED LADY
Image_2466.jpg,TROPICAL LEAFWING
Image_2467.jpg,PURPLISH COPPER
Image_2468.jpg,EASTERN DAPPLE WHITE
Image_2469.jpg,PIPEVINE SWALLOW
Image_2470.jpg,INDRA SWALLOW
Image_2471.jpg,ELBOWED PIERROT
Image_2472.jpg,RED SPOTTED PURPLE
Image_2473.jpg,TWO BARRED FLASHER
Image_2474.jpg,PURPLISH COPPER
Image_2475.jpg,WOOD SATYR
Image_2476.jpg,ORANGE TIP
Image_2477.jpg,PAPER KITE
Image_2478.jpg,VICEROY
Image_2479.jpg,GREEN CELLED CATTLEHEART
Image_2480.jpg,TROPICAL LEAFWING
Image_2481.jpg,ORANGE TIP
Image_2482.jpg,VICEROY
Image_2483.jpg,SILVER SPOT SKIPPER
Image_2484.jpg,RED POSTMAN
Image_2485.jpg,ELBOWED PIERROT
Image_2486.jpg,GOLD BANDED
Image_2487.jpg,MONARCH
Image_2488.jpg,CAIRNS BIRDWING
Image_2489.jpg,GREEN CELLED CATTLEHEART
Image_2490.jpg,CAIRNS BIRDWING
Image_2491.jpg,COPPER TAIL
Image_2492.jpg,MANGROVE SKIPPER
Image_2493.jpg,PIPEVINE SWALLOW
Image_2494.jpg,SLEEPY ORANGE
Image_2495.jpg,ADONIS
Image_2496.jpg,PURPLE HAIRSTREAK
Image_2497.jpg,WOOD SATYR
Image_2498.jpg,ORANGE OAKLEAF
Image_2499.jpg,MESTRA
Image_2500.jpg,METALMARK
Image_2501.jpg,GREEN CELLED CATTLEHEART
Image_2502.jpg,ADONIS
Image_2503.jpg,CRIMSON PATCH
Image_2504.jpg,MONARCH
Image_2505.jpg,EASTERN DAPPLE WHITE
Image_2506.jpg,PIPEVINE SWALLOW
Image_2507.jpg,GREY HAIRSTREAK
Image_2508.jpg,WOOD SATYR
Image_2509.jpg,STRAITED QUEEN
Image_2510.jpg,AFRICAN GIANT SWALLOWTAIL
Image_2511.jpg,BECKERS WHITE
Image_2512.jpg,MONARCH
Image_2513.jpg,SLEEPY ORANGE
Image_2514.jpg,EASTERN DAPPLE WHITE
Image_2515.jpg,DANAID EGGFLY
Image_2516.jpg,POPINJAY
Image_2517.jpg,SILVER SPOT SKIPPER
Image_2518.jpg,PURPLE HAIRSTREAK
Image_2519.jpg,MOURNING CLOAK
Image_2520.jpg,PAINTED LADY
Image_2521.jpg,CLOUDED SULPHUR
Image_2522.jpg,GREY HAIRSTREAK
Image_2523.jpg,PAINTED LADY
Image_2524.jpg,GREEN CELLED CATTLEHEART
Image_2525.jpg,CRIMSON PATCH
Image_2526.jpg,BLUE SPOTTED CROW
Image_2527.jpg,BROWN SIPROETA
Image_2528.jpg,SLEEPY ORANGE
Image_2529.jpg,GREY HAIRSTREAK
Image_2530.jpg,METALMARK
Image_2531.jpg,GREAT JAY
Image_2532.jpg,MANGROVE SKIPPER
Image_2533.jpg,EASTERN PINE ELFIN
Image_2534.jpg,CHESTNUT
Image_2535.jpg,POPINJAY
Image_2536.jpg,MONARCH
Image_2537.jpg,PAPER KITE
Image_2538.jpg,RED ADMIRAL
Image_2539.jpg,AN 88
Image_2540.jpg,ELBOWED PIERROT
Image_2541.jpg,APPOLLO
Image_2542.jpg,SLEEPY ORANGE
Image_2543.jpg,GREY HAIRSTREAK
Image_2544.jpg,BROWN SIPROETA
Image_2545.jpg,PINE WHITE
Image_2546.jpg,MANGROVE SKIPPER
Image_2547.jpg,BROWN SIPROETA
Image_2548.jpg,VICEROY
Image_2549.jpg,ORANGE TIP
Image_2550.jpg,SCARCE SWALLOW
Image_2551.jpg,APPOLLO
Image_2552.jpg,METALMARK
Image_2553.jpg,ADONIS
Image_2554.jpg,APPOLLO
Image_2555.jpg,EASTERN COMA
Image_2556.jpg,ORANGE TIP
Image_2557.jpg,INDRA SWALLOW
Image_2558.jpg,JULIA
Image_2559.jpg,RED POSTMAN
Image_2560.jpg,MOURNING CLOAK
Image_2561.jpg,CRECENT
Image_2562.jpg,COMMON WOOD-NYMPH
Image_2563.jpg,JULIA
Image_2564.jpg,GREAT EGGFLY
Image_2565.jpg,AFRICAN GIANT SWALLOWTAIL
Image_2566.jpg,RED CRACKER
Image_2567.jpg,MOURNING CLOAK
Image_2568.jpg,CAIRNS BIRDWING
Image_2569.jpg,EASTERN COMA
Image_2570.jpg,ZEBRA LONG WING
Image_2571.jpg,GREY HAIRSTREAK
Image_2572.jpg,MALACHITE
Image_2573.jpg,SOOTYWING
Image_2574.jpg,INDRA SWALLOW
Image_2575.jpg,PURPLISH COPPER
Image_2576.jpg,TROPICAL LEAFWING
Image_2577.jpg,POPINJAY
Image_2578.jpg,SOOTYWING
Image_2579.jpg,PURPLE HAIRSTREAK
Image_2580.jpg,SOOTYWING
Image_2581.jpg,JULIA
Image_2582.jpg,SOOTYWING
Image_2583.jpg,MONARCH
Image_2584.jpg,CABBAGE WHITE
Image_2585.jpg,AMERICAN SNOOT
Image_2586.jpg,ORANGE OAKLEAF
Image_2587.jpg,MONARCH
Image_2588.jpg,CAIRNS BIRDWING
Image_2589.jpg,SILVER SPOT SKIPPER
Image_2590.jpg,PIPEVINE SWALLOW
Image_2591.jpg,QUESTION MARK
Image_2592.jpg,ULYSES
Image_2593.jpg,STRAITED QUEEN
Image_2594.jpg,EASTERN COMA
Image_2595.jpg,APPOLLO
Image_2596.jpg,GREEN CELLED CATTLEHEART
Image_2597.jpg,ELBOWED PIERROT
Image_2598.jpg,ORCHARD SWALLOW
Image_2599.jpg,CHECQUERED SKIPPER
Image_2600.jpg,BANDED ORANGE HELICONIAN
Image_2601.jpg,BROWN SIPROETA
Image_2602.jpg,SOOTYWING
Image_2603.jpg,INDRA SWALLOW
Image_2604.jpg,AN 88
Image_2605.jpg,ADONIS
Image_2606.jpg,BLACK HAIRSTREAK
Image_2607.jpg,MOURNING CLOAK
Image_2608.jpg,BLUE SPOTTED CROW
Image_2609.jpg,SOOTYWING
Image_2610.jpg,MILBERTS TORTOISESHELL
Image_2611.jpg,MALACHITE
Image_2612.jpg,EASTERN PINE ELFIN
Image_2613.jpg,EASTERN PINE ELFIN
Image_2614.jpg,BECKERS WHITE
Image_2615.jpg,JULIA
Image_2616.jpg,SOUTHERN DOGFACE
Image_2617.jpg,COPPER TAIL
Image_2618.jpg,AFRICAN GIANT SWALLOWTAIL
Image_2619.jpg,PEACOCK
Image_2620.jpg,AN 88
Image_2621.jpg,MOURNING CLOAK
Image_2622.jpg,TWO BARRED FLASHER
Image_2623.jpg,METALMARK
Image_2624.jpg,SOUTHERN DOGFACE
Image_2625.jpg,ADONIS
Image_2626.jpg,AMERICAN SNOOT
Image_2627.jpg,EASTERN COMA
Image_2628.jpg,COMMON WOOD-NYMPH
Image_2629.jpg,DANAID EGGFLY
Image_2630.jpg,RED POSTMAN
Image_2631.jpg,BLACK HAIRSTREAK
Image_2632.jpg,SOOTYWING
Image_2633.jpg,SOOTYWING
Image_2634.jpg,BLACK HAIRSTREAK
Image_2635.jpg,MONARCH
Image_2636.jpg,GOLD BANDED
Image_2637.jpg,CLODIUS PARNASSIAN
Image_2638.jpg,CAIRNS BIRDWING
Image_2639.jpg,METALMARK
Image_2640.jpg,EASTERN COMA
Image_2641.jpg,AFRICAN GIANT SWALLOWTAIL
Image_2642.jpg,RED CRACKER
Image_2643.jpg,GOLD BANDED
Image_2644.jpg,EASTERN COMA
Image_2645.jpg,PINE WHITE
Image_2646.jpg,RED ADMIRAL
Image_2647.jpg,ULYSES
Image_2648.jpg,BROWN SIPROETA
Image_2649.jpg,ADONIS
Image_2650.jpg,MANGROVE SKIPPER
Image_2651.jpg,ELBOWED PIERROT
Image_2652.jpg,BANDED ORANGE HELICONIAN
Image_2653.jpg,EASTERN PINE ELFIN
Image_2654.jpg,RED POSTMAN
Image_2655.jpg,ORANGE TIP
Image_2656.jpg,CLODIUS PARNASSIAN
Image_2657.jpg,CABBAGE WHITE
Image_2658.jpg,APPOLLO
Image_2659.jpg,BLACK HAIRSTREAK
Image_2660.jpg,CAIRNS BIRDWING
Image_2661.jpg,AMERICAN SNOOT
Image_2662.jpg,CRECENT
Image_2663.jpg,MANGROVE SKIPPER
Image_2664.jpg,CRECENT
Image_2665.jpg,ATALA
Image_2666.jpg,BLACK HAIRSTREAK
Image_2667.jpg,BECKERS WHITE
Image_2668.jpg,ORANGE TIP
Image_2669.jpg,CRECENT
Image_2670.jpg,BROWN SIPROETA
Image_2671.jpg,YELLOW SWALLOW TAIL
Image_2672.jpg,ADONIS
Image_2673.jpg,INDRA SWALLOW
Image_2674.jpg,MANGROVE SKIPPER
Image_2675.jpg,PAINTED LADY
Image_2676.jpg,TWO BARRED FLASHER
Image_2677.jpg,BROWN SIPROETA
Image_2678.jpg,RED ADMIRAL
Image_2679.jpg,EASTERN COMA
Image_2680.jpg,PIPEVINE SWALLOW
Image_2681.jpg,GREEN CELLED CATTLEHEART
Image_2682.jpg,ELBOWED PIERROT
Image_2683.jpg,GREY HAIRSTREAK
Image_2684.jpg,SOOTYWING
Image_2685.jpg,CRECENT
Image_2686.jpg,GREEN CELLED CATTLEHEART
Image_2687.jpg,GREAT EGGFLY
Image_2688.jpg,GOLD BANDED
Image_2689.jpg,CABBAGE WHITE
Image_2690.jpg,BANDED PEACOCK
Image_2691.jpg,INDRA SWALLOW
Image_2692.jpg,BLUE MORPHO
Image_2693.jpg,ORANGE TIP
Image_2694.jpg,BROWN SIPROETA
Image_2695.jpg,CAIRNS BIRDWING
Image_2696.jpg,BROWN SIPROETA
Image_2697.jpg,ORANGE OAKLEAF
Image_2698.jpg,GREEN CELLED CATTLEHEART
Image_2699.jpg,RED ADMIRAL
Image_2700.jpg,STRAITED QUEEN
Image_2701.jpg,MONARCH
Image_2702.jpg,CHECQUERED SKIPPER
Image_2703.jpg,RED SPOTTED PURPLE
Image_2704.jpg,PINE WHITE
Image_2705.jpg,ORCHARD SWALLOW
Image_2706.jpg,COPPER TAIL
Image_2707.jpg,SILVER SPOT SKIPPER
Image_2708.jpg,AFRICAN GIANT SWALLOWTAIL
Image_2709.jpg,BANDED ORANGE HELICONIAN
Image_2710.jpg,COMMON WOOD-NYMPH
Image_2711.jpg,PIPEVINE SWALLOW
Image_2712.jpg,SOOTYWING
Image_2713.jpg,ELBOWED PIERROT
Image_2714.jpg,GREAT JAY
Image_2715.jpg,PURPLISH COPPER
Image_2716.jpg,TROPICAL LEAFWING
Image_2717.jpg,BECKERS WHITE
Image_2718.jpg,CRECENT
Image_2719.jpg,BANDED ORANGE HELICONIAN
Image_2720.jpg,AFRICAN GIANT SWALLOWTAIL
Image_2721.jpg,MESTRA
Image_2722.jpg,GREAT JAY
Image_2723.jpg,MOURNING CLOAK
Image_2724.jpg,JULIA
Image_2725.jpg,GREY HAIRSTREAK
Image_2726.jpg,INDRA SWALLOW
Image_2727.jpg,ORCHARD SWALLOW
Image_2728.jpg,PAINTED LADY
Image_2729.jpg,CABBAGE WHITE
Image_2730.jpg,SILVER SPOT SKIPPER
Image_2731.jpg,AMERICAN SNOOT
Image_2732.jpg,PIPEVINE SWALLOW
Image_2733.jpg,COMMON WOOD-NYMPH
Image_2734.jpg,ORANGE OAKLEAF
Image_2735.jpg,WOOD SATYR
Image_2736.jpg,CHESTNUT
Image_2737.jpg,SILVER SPOT SKIPPER
Image_2738.jpg,CRIMSON PATCH
Image_2739.jpg,IPHICLUS SISTER
Image_2740.jpg,GREEN CELLED CATTLEHEART
Image_2741.jpg,GREEN CELLED CATTLEHEART
Image_2742.jpg,RED ADMIRAL
Image_2743.jpg,TWO BARRED FLASHER
Image_2744.jpg,APPOLLO
Image_2745.jpg,GOLD BANDED
Image_2746.jpg,CHECQUERED SKIPPER
Image_2747.jpg,CLEOPATRA
Image_2748.jpg,MOURNING CLOAK
Image_2749.jpg,MONARCH
Image_2750.jpg,RED ADMIRAL
Image_2751.jpg,MOURNING CLOAK
Image_2752.jpg,MALACHITE
Image_2753.jpg,PIPEVINE SWALLOW
Image_2754.jpg,AFRICAN GIANT SWALLOWTAIL
Image_2755.jpg,EASTERN COMA
Image_2756.jpg,ATALA
Image_2757.jpg,ORANGE OAKLEAF
Image_2758.jpg,GREY HAIRSTREAK
Image_2759.jpg,EASTERN COMA
Image_2760.jpg,DANAID EGGFLY
Image_2761.jpg,MONARCH
Image_2762.jpg,GREAT JAY
Image_2763.jpg,MOURNING CLOAK
Image_2764.jpg,SOOTYWING
Image_2765.jpg,POPINJAY
Image_2766.jpg,RED SPOTTED PURPLE
Image_2767.jpg,STRAITED QUEEN
Image_2768.jpg,PAPER KITE
Image_2769.jpg,GREEN CELLED CATTLEHEART
Image_2770.jpg,ORANGE TIP
Image_2771.jpg,GREAT EGGFLY
Image_2772.jpg,METALMARK
Image_2773.jpg,COMMON WOOD-NYMPH
Image_2774.jpg,MANGROVE SKIPPER
Image_2775.jpg,COMMON WOOD-NYMPH
Image_2776.jpg,PIPEVINE SWALLOW
Image_2777.jpg,CRECENT
Image_2778.jpg,GREAT JAY
Image_2779.jpg,PIPEVINE SWALLOW
Image_2780.jpg,BLUE SPOTTED CROW
Image_2781.jpg,PIPEVINE SWALLOW
Image_2782.jpg,SILVER SPOT SKIPPER
Image_2783.jpg,COMMON WOOD-NYMPH
Image_2784.jpg,SOUTHERN DOGFACE
Image_2785.jpg,WOOD SATYR
Image_2786.jpg,BROWN SIPROETA
